Наименование товара,"Стоимость, руб","Стоимость опт, руб","Наличие на складе 1, шт","Наличие на складе 2, шт",Страна производства
"ТМ(ТМГ)-25 Барнаул,шт","61538,18",49846,63,43,Россия
"ТМ(ТМГ)-63 Барнаул,шт","81812,94",66269,86,57,Россия
"ТМ(ТМГ)-100 Барнаул,шт","95234,26",77140,18,82,Россия
"ТМ(ТМГ)-160 Y/Yн-0 Барнаул,шт","122646,25",99344,68,50,Россия
"ТМ(ТМГ)-160 Y/Zн-11 Барнаул,шт","122646,25",99344,18,13,Россия
"ТМ(ТМГ)-250 Y/Yн-0 Барнаул,шт","158415,00",128317,52,42,Россия
"ТМ(ТМГ)-250 Д/Yн-11 Барнаул,шт","158415,00",128317,36,17,Россия
"ТМ(ТМГ)-400 Y/Yн-0 Барнаул,шт","204508,75",165653,11,17,Россия
"ТМ(ТМГ)-400 Д/Yн-11 Барнаул,шт","204508,75",165653,96,65,Россия
"ТМ(ТМГ)-630 Y/Yн-0 Барнаул,шт","314101,25",254423,77,15,Россия
"ТМ(ТМГ)- 630 Д/Yн-11 Барнаул,шт","314101,25",254423,23,70,Россия
"ТМГ- 25 Минск,шт","68177,45",55224,3,76,Россия
"ТМГ- 40 Минск,шт","77029,81",62395,15,68,Россия
"ТМГ- 63 Минск,шт","90665,30",73439,63,48,Россия
"ТМГ- 100 Минск,шт","100088,78",81072,7,65,Россия
"ТМГ- 1000 Барнаул,шт","452255,65",366328,21,33,Россия
"ТМГ- 1000 Минск,шт","492733,78",399115,31,75,Россия
"ТМГ-160 Минск,шт","127359,76",103162,14,7,Россия
"ТМГ- 250 Минск,шт","171193,22",138667,5,70,Россия
"ТМГ- 400 Минск,шт","223450,70",180996,55,68,Россия
"ТМГ- 630 Минск,шт","343100,34",277912,68,36,Россия
Трансформатор сварочный ТДМ,Стоимость,#ЗНАЧЕН!,31,92,Россия
"PULSAR 305 (50А-230А),шт","9288,28",7524,23,59,Россия
"TORNADO 160 (50А-160А),шт","3814,83",3091,79,38,Россия
"TORNADO 200 (45А-190А),шт","4934,40",3997,27,21,Россия
"TORNADO 250 (40А-240А),шт","6800,34",5509,81,5,Россия
"ТДМ-252 220В 250А,шт","9360,00",7582,64,5,Россия
"ТДМ-303 220В(380В) 300А,шт","11570,00",9372,20,15,Россия
"ТДМ-403 220В(380В) 400А,шт","14300,00",11583,80,38,Россия
"ТДМ-503 380В 500А,шт","15340,00",12426,76,35,Россия
"ТДМ-602 380В 600А,шт","24700,00",20007,84,60,Россия
"Трансформатор тока Т-0.66, ТШП, ТОП, ТТИ",Стоимость,#ЗНАЧЕН!,53,72,Россия
"Т-0.66-М 20/5 кл/т 0.5,шт","300,30",244,91,42,Россия
"Т-0.66-М 20-400/5 кл/т 0.5S,шт","382,20",310,79,15,Россия
"Т-0.66-М 30/5-150/5 кл/т 0.5,шт","300,30",244,54,80,Россия
"Т-0.66-М 200/5-400/5 кл/т 0.5,шт","292,50",237,47,26,Россия
"Т-0.66-М 600/5 кл/т 0.5,шт","364,00",295,74,71,Россия
"Т-0.66-М 800/5 кл/т 0.5,шт","396,50",322,48,69,Россия
"Т-0.66-М 1000/5 кл/т 0.5,шт","468,00",380,100,73,Россия
"Т-0.66-М (пласт.с крышкой) 1500/5 кл/т 0.5,шт","562,90",456,71,46,Россия
"ТЛ-10-1 50-1500/5,шт","33058,01",26777,25,6,Россия
"ТЛ-10-2 2000-3000/5,шт","44032,24",35667,24,46,Россия
"ТЛ-10-2 300-400/5,шт","26443,40",21420,51,100,Россия
"ТЛ-10-2 600-1500/5,шт","28698,38",23246,11,73,Россия
"ТЛК-35 1000-1500/5,шт","72159,36",58450,100,22,Россия
"ТЛШ-10-1 1500-3000/5,шт","22856,60",18514,38,99,Россия
"ТЛШ-10 2000-3000/5,шт","18175,14",14722,37,80,Россия
"ТЛШ-10 4000-5000/5,шт","25992,40",21054,77,100,Россия
"ТНШ-0.66 15000/5,шт","119062,94",96441,24,23,Россия
"ТНШ-0.66 25000/5,шт","239779,54",194222,23,64,Россия
"ТНШЛ-0.66 8000-10000/5,шт","77721,64",62955,59,19,Россия
"ТНШЛ-0.66 3000-5000/5,шт","14535,60",11774,30,3,Россия
"ТНШЛ-0.66 800-2000/5,шт","4448,32",3604,98,100,Россия
"ТОЛ-10 50-1500/5,шт","13364,51",10826,86,9,Россия
"ТОЛК-6 50-600/5,шт","12612,85",10217,56,58,Россия
"ТОП-0.66 5-80/5 кл/т 0.5,шт","413,41",335,36,60,Россия
"ТОП-0.66 100 -200/5 кл/т 0.5,шт","383,35",311,77,85,Россия
"ТПЛ-10-М 100/5,шт","27195,06",22028,71,77,Россия
"ТПЛ-20 300-1500/5,шт","42077,93",34084,78,96,Россия
"ТПЛ-35 300-1500/5,шт","81302,00",65855,60,94,Россия
"ТПЛК-10 10-1500/5,шт","63575,40",51497,76,41,Россия
"ТПОЛ-10 30-1500/5 кл/т 0.5,шт","15619,49",12652,55,38,Россия
"ТПОЛ-10 300/5 кл/т 0.5,шт","13965,84",11313,56,79,Россия
"ТПОЛ-10 400-800/5,шт","13965,84",11313,5,58,Россия
"ТТИ-30 200-300/5А 5ВА кл/т 0.5,шт","300,80",244,34,71,Россия
"ТТИ-30 200-300/5А 10ВА кл/т 0.5,шт","337,49",274,62,29,Россия
"ТТИ-40 300-600/5А 5ВА кл/т 0.5,шт","300,80",244,3,56,Россия
"ТТИ-40 300-600/5А 10ВА кл/т 0.5,шт","337,49",274,92,4,Россия
"ТТИ-60 600/5А 10(15)ВА кл/т 0.5,шт","355,33",288,58,8,Россия
"ТТИ-60 750/5А 10(15)ВА кл/т 0.5,шт","392,48",318,36,34,Россия
"ТТИ-60 800/5А 10(15)ВА кл/т 0.5,шт","434,62",353,85,86,Россия
"ТТИ-60 1000/5А 10(15)ВА кл/т 0.5,шт","573,88",465,86,45,Россия
"ТТИ-85 750/5А 15ВА кл/т 0.5,шт","475,09",385,54,11,Россия
"ТТИ-85 800/5А 15ВА кл/т 0.5,шт","513,16",416,40,8,Россия
"ТТИ-85 1000/5А 15ВА кл/т 0.5,шт","572,21",464,8,82,Россия
"ТТИ-85 1200/5А 15ВА кл/т 0.5,шт","587,47",476,1,17,Россия
"ТТИ-85 1500/5А 15ВА кл/т 0.5,шт","627,49",509,30,84,Россия
"ТТИ-100 1000/5А 15ВА кл/т 0.5,шт","633,98",514,9,56,Россия
"ТТИ-100 1200/5А 15ВА кл/т 0.5,шт","658,00",533,76,68,Россия
"ТТИ-100 1250/5А 15ВА кл/т 0.5,шт","673,25",546,77,83,Россия
"ТТИ-100 1500/5А 15ВА кл/т 0.5,шт","708,90",575,49,50,Россия
"ТТИ-100 1600/5А 15ВА кл/т 0.5,шт","751,50",609,85,56,Россия
"ТТИ-100 2000/5А 15ВА кл/т 0.5,шт","785,18",636,34,83,Россия
"ТТИ-100 2500/5А 15ВА кл/т 0.5,шт","1050,86",852,39,26,Россия
"ТТИ-100 3000/5А 15ВА кл/т 0.5,шт","1186,49",962,7,49,Россия
"ТТИ-125 1500/5А 15ВА кл/т 0.5,шт","1201,59",974,20,26,Россия
"ТТИ-125 2000/5А 15ВА кл/т 0.5,шт","1352,77",1096,82,46,Россия
"ТТИ-125 2500/5А 15ВА кл/т 0.5,шт","1579,19",1280,40,4,Россия
"ТТИ-125 3000/5А 15ВА кл/т 0.5,шт","1811,80",1468,80,80,Россия
"ТТИ-125 4000/5А 15ВА кл/т 0.5,шт","2049,22",1660,2,17,Россия
"ТТИ-125 5000/5А 15ВА кл/т 0.5,шт","2111,29",1711,85,73,Россия
"ТТИ-А 5-250/5А 5ВА кл/т 0.5,шт","300,80",244,7,75,Россия
"ТТИ-А 50/5А 10ВА кл/т 0.5,шт","337,49",274,9,34,Россия
"ТТИ-А 60/5А 10ВА кл/т 0.5,шт","431,59",350,40,24,Россия
"ТТИ-А 100-250/5А 10ВА кл/т 0.5,шт","337,49",274,38,42,Россия
"ТТИ-А 300/5А 5ВА кл/т 0.5,шт","300,80",244,16,76,Россия
"ТТИ-А 300-400/5А 10ВА кл/т 0.5,шт","353,38",287,41,2,Россия
"ТТИ-А 400/5А 5ВА кл/т 0.5,шт","300,80",244,44,66,Россия
"ТТИ-А 500/5А 10ВА кл/т 0.5,шт","415,67",337,91,100,Россия
"ТТИ-А 600/5А 5ВА кл/т 0.5,шт","380,19",308,90,62,Россия
"ТТИ-А 600/5А 10ВА кл/т 0.5,шт","431,59",350,25,40,Россия
"ТТИ-А 800/5А 10ВА кл/т 0.5,шт","540,21",438,33,80,Россия
"ТТИ-А 1000/5А 10ВА кл/т 0.5,шт","559,04",453,7,63,Россия
"ТШЛ-0.66 2000-3000/5,шт","7920,99",6417,44,11,Россия
"ТШЛ-0.66 4000-5000/5,шт","13212,68",10703,77,89,Россия
"ТШЛ-10 2000-3000/5,шт","31254,02",25316,79,38,Россия
"ТШЛ-10 4000-5000/5,шт","55607,81",45043,99,51,Россия
"ТШЛ-20 10000/5,шт","116196,96",94120,94,11,Россия
"ТШЛ-20 6000/5,шт","116196,96",94120,55,14,Россия
"ТШЛ-20 8000/5,шт","116196,96",94120,37,29,Россия
"ТШЛП-10 1000-2000/5,шт","34711,66",28117,7,2,Россия
"ТШП-0.66 1000/5 кл/т 0.5,шт","743,40",603,20,41,Россия
"ТШП-0.66 1500/5 кл/т 0.5,шт","842,52",683,40,89,Россия
"ТШП-0.66 2000/5 кл/т 0.5,шт","1007,72",817,20,29,Россия
"ТШП-0.66 300-400/5 кл/т 0.5,шт","462,56",375,41,81,Россия
"ТШП-0.66 500-750/5 кл/т 0.5,шт","578,20",469,56,100,Россия
"ТШП-0.66 800/5 кл/т 0.5,шт","660,80",536,100,92,Россия
"Автотрансформатор АОСН, ЛАТР",Стоимость,#ЗНАЧЕН!,55,47,Россия
"АОСН-2 220В(типа ЛАТР),шт","1167,15",946,36,79,Россия
"АОСН-4 220В(типа ЛАТР),шт","1943,76",1575,86,85,Россия
"АОСН-8 220В(типа ЛАТР),шт","7042,10",5705,75,16,Россия
"Автотрансформатор АОСН- 2-220 0,5 КВА","1557,54",1262,72,24,Россия
"Автотрансформатор АОСН- 4-220 1,0 КВА","2587,20",2096,79,81,Россия
"Автотрансформатор АОСН- 8-220 2,0 КВА","6991,05",5663,22,19,Россия
"Автотрансформатор АОСН-20- 220 5,0 КВА","16784,10",13596,69,7,Россия
"Автотрансформатор Латр-1,25 5 А","6468,75",5240,90,48,Россия
"Автотрансформатор Латр-2,5 10 А","6468,75",5240,87,4,Россия
"Понижающий трансформатор ОСМ, ОСВМ",Стоимость,#ЗНАЧЕН!,89,87,Россия
"ОСМ-0.063,шт","747,13",606,11,50,Россия
"ОСМ-0.1,шт","1105,68",896,55,53,Россия
"ОСМ-0.16,шт","1342,62",1088,47,44,Россия
"ОСМ-0.25,шт","1625,35",1317,69,72,Россия
"ОСМ-0.4,шт","2106,33",1707,71,29,Россия
"ОСМ-0.63,шт","3069,06",2486,63,63,Россия
"ОСМ-1.0,шт","4312,17",3493,58,42,Россия
"ОСМ-1.6,шт","6302,40",5105,71,78,Россия
"ОСМ-2.5,шт","8044,64",6517,30,13,Россия
"ОСМ1-0.063,шт","577,81",469,99,75,Россия
"ОСМ1-0.1,шт","741,96",601,12,48,Россия
"ОСМ1-0.16,шт","1050,56",851,83,32,Россия
"ОСМ1-0.25,шт","1378,86",1117,35,68,Россия
"ОСМ1-0.4,шт","1856,25",1504,87,34,Россия
"ОСМ1-0.63,шт","2567,31",2080,19,66,Россия
"ОСМ1-1,шт","3933,03",3186,13,98,Россия
"ОСМ1-1 380/56/56 (380/82/82),шт","3933,03",3186,16,22,Россия
"ОСМ1-1.6,шт","5627,06",4558,27,52,Россия
"ОСМ1-2.5,шт","7721,62",6255,82,47,Россия
"ОСО-0.25,шт","503,84",409,47,29,Россия
"ОСОВ-0.25,шт","2735,71",2216,21,47,Россия
"ОСР-0.02/0.2 220/220,шт","497,56",404,90,26,Россия
"Трансформатор понижающий ОСВМ 0,25 ОМ5 220/ 13","4092,21",3315,42,83,Россия
Трансформатор понижающий ОСВМ 0.25 ОМ5 220/ 12,"4092,21",3315,83,31,Россия
Трансформатор понижающий ОСВМ 0.25 ОМ5 220/ 36,"3942,20",3194,67,39,Россия
Трансформатор понижающий ОСВМ 0.25 ОМ5 380/ 220,"4092,21",3315,52,90,Россия
Трансформатор понижающий ОСВМ 0.63 220/ 12,"6156,99",4988,83,81,Россия
Трансформатор понижающий ОСВМ 0.63 220/ 13,"6156,99",4988,30,4,Россия
Трансформатор понижающий ОСВМ 0.63 220/ 36/ 24/ 12,"6156,99",4988,27,64,Россия
"Трансформатор понижающий ОСВМ 1,6 ОМ5 220/ 36","13552,94",10978,95,37,Россия
"Трансформатор понижающий ОСВМ-4,0 ОМ5 380/230 В","21089,85",17083,88,42,Россия
"Трансформатор понижающий ОСМ1-10,0 220/12","39455,27",31959,21,96,Россия
"Трансформатор понижающий ОСМ1-10,0 380/220/380","39455,27",31959,63,5,Россия
"Трансформатор понижающий ОСМ1-10,0 380/42","39455,27",31959,92,88,Россия
"Трансформатор понижающий ОСМ1-0,063 220/127","714,20",579,45,39,Россия
"Трансформатор понижающий ОСМ1-0,063 220/17","714,20",579,5,87,Россия
"Трансформатор понижающий ОСМ1-0,063 220/24/ 12","714,20",579,56,52,Россия
"Трансформатор понижающий ОСМ1-0,063 220/ 24/24","649,26",526,73,97,Россия
"Трансформатор понижающий ОСМ1-0,063 220/ 36/ 12","714,20",579,37,20,Россия
"Трансформатор понижающий ОСМ1-0,063 220/ 5-110","649,26",526,70,54,Россия
"Трансформатор понижающий ОСМ1-0,063 220/ 5- 12","649,26",526,87,96,Россия
"Трансформатор понижающий ОСМ1-0,063 220/ 5- 14","649,26",526,96,87,Россия
"Трансформатор понижающий ОСМ1-0,063 220/5-22-110/12","649,26",526,18,33,Россия
"Трансформатор понижающий ОСМ1-0,063 220/5-22-110/24","649,26",526,2,5,Россия
"Трансформатор понижающий ОСМ1-0,063 220/ 5-220","649,26",526,49,77,Россия
"Трансформатор понижающий ОСМ1-0,063 220/ 5- 24","649,26",526,97,51,Россия
"Трансформатор понижающий ОСМ1-0,063 220/ 5-260","649,26",526,75,49,Россия
"Трансформатор понижающий ОСМ1-0,063 220/ 5- 29","649,26",526,33,53,Россия
"Трансформатор понижающий ОСМ1-0,063 220/ 5- 36","649,26",526,6,83,Россия
"Трансформатор понижающий ОСМ1-0,063 220/ 5- 42","649,26",526,85,57,Россия
"Трансформатор понижающий ОСМ1-0,063 220/ 5- 56","649,26",526,46,12,Россия
"Трансформатор понижающий ОСМ1-0,063 380/14/ 14","649,26",526,89,62,Россия
"Трансформатор понижающий ОСМ1-0,063 380/ 5-110","649,26",526,64,3,Россия
"Трансформатор понижающий ОСМ1-0,063 380/ 5- 12","649,26",526,71,18,Россия
"Трансформатор понижающий ОСМ1-0,063 380/5-22-110/24","649,26",526,39,52,Россия
"Трансформатор понижающий ОСМ1-0,063 380/5-22-220/12","649,26",526,65,92,Россия
"Трансформатор понижающий ОСМ1-0,063 380/ 5-220","649,26",526,46,78,Россия
"Трансформатор понижающий ОСМ1-0,063 380/ 5- 24","649,26",526,90,100,Россия
"Трансформатор понижающий ОСМ1-0,063 380/ 5-260","649,26",526,76,55,Россия
"Трансформатор понижающий ОСМ1-0,063 380/ 5- 36","649,26",526,43,26,Россия
"Трансформатор понижающий ОСМ1-0,063 380/ 5- 42","649,26",526,54,8,Россия
"Трансформатор понижающий ОСМ1-0,063 380/ 5- 56","649,26",526,74,82,Россия
"Трансформатор понижающий ОСМ1-0,063 660/ 220","714,20",579,44,73,Россия
"Трансформатор понижающий ОСМ1-0,1 220/12/12","830,49",673,95,97,Россия
"Трансформатор понижающий ОСМ1-0,1 220/24/12","913,53",740,4,89,Россия
"Трансформатор понижающий ОСМ1-0,1 220/ 42/ 36/ 12","913,53",740,31,88,Россия
"Трансформатор понижающий ОСМ1-0,1 220/ 5-110","830,49",673,50,93,Россия
"Трансформатор понижающий ОСМ1-0,1 220/ 5- 12","830,49",673,79,12,Россия
Трансформатор понижающий NDK-100 220/5-12 (ОСМ1-0.1 220/5-12),"830,49",673,41,86,Россия
"Трансформатор понижающий ОСМ1-0,1 220/ 5- 14","830,49",673,11,61,Россия
"Трансформатор понижающий ОСМ1-0,1 220/5-22-110/12","830,49",673,66,64,Россия
"Трансформатор понижающий ОСМ1-0,1 220/5-22-110/24","830,49",673,97,85,Россия
"Трансформатор понижающий ОСМ1-0,1 220/5-22-220/12","830,49",673,14,82,Россия
"Трансформатор понижающий ОСМ1-0,1 220/5-22-220/2","830,49",673,11,100,Россия
"Трансформатор понижающий ОСМ1-0,1 220/ 5-220","830,49",673,25,57,Россия
"Трансформатор понижающий ОСМ1-0,1 220/ 5- 24","830,49",673,79,57,Россия
"Трансформатор понижающий ОСМ1-0,1 220/ 5- 36","830,49",673,41,84,Россия
"Трансформатор понижающий ОСМ1-0,1 220/ 5- 42","830,49",673,100,27,Россия
"Трансформатор понижающий ОСМ1-0,1 220/ 5- 82","913,53",740,92,18,Россия
"Трансф. понижающий ОСМ1-0,1 380/ 29/14","913,53",740,78,23,Россия
"Трансформатор понижающий ОСМ1-0,1 380/ 5-110","830,49",673,70,6,Россия
"Трансформатор понижающий ОСМ1-0,1 380/ 5- 12","830,49",673,75,44,Россия
"Трансформатор понижающий ОСМ1-0,1 380/5-22-110/ 12","830,49",673,31,75,Россия
"Трансформатор понижающий ОСМ1-0,1 380/5-22-110/ 24","830,49",673,24,93,Россия
"Трансформатор понижающий ОСМ1-0,1 380/5-22-110/ 36","913,53",740,50,99,Россия
"Трансформатор понижающий ОСМ1-0,1 380/5-22-220/ 12","830,49",673,62,88,Россия
"Трансформатор понижающий ОСМ1-0,1 380/5-22-220/ 24","830,49",673,35,94,Россия
"Трансформатор понижающий ОСМР 0,1 380/5-22-220/ 24","749,52",608,89,52,Россия
"Трансформатор понижающий ОСМ1-0,1 380/ 5-220 В","830,49",673,53,65,Россия
"Трансформатор понижающий ОСМ1-0,1 380/ 5- 24","830,49",673,81,27,Россия
Трансформатор понижающий NDK-100 380/5-24 (ОСМ1-0.1 380/5-24),"830,49",673,96,24,Россия
"Трансф. понижающий ОСМ1-0,1 380/ 5- 29","830,49",673,3,78,Россия
"Трансформатор понижающий ОСМ1-0,1 380/ 5- 36","830,49",673,6,73,Россия
"Трансформатор понижающий ОСМ1-0,1 380/220/110","913,53",740,72,99,Россия
"Трансформатор понижающий ОСМ1-0,16 220/127-36","1294,83",1049,88,91,Россия
"Трансформатор понижающий ОСМ1-0,16 220/14/14","1177,11",954,10,91,Россия
"Трансформатор понижающий ОСМ1-0,16 220/ 24 /12","1294,83",1049,11,93,Россия
"Трансформатор понижающий ОСМ1-0,16 220/ 5-110","1177,11",954,41,59,Россия
"Трансформатор понижающий ОСМ1-0,16 220/ 5- 12","1177,11",954,2,55,Россия
"Трансформатор понижающий ОСМ1-0,16 220/ 5-12-24-36","1294,83",1049,2,32,Россия
"Трансформатор понижающий ОСМ1-0,16 220/ 5-130","1177,11",954,65,11,Россия
"Трансформатор понижающий ОСМ1-0,16 220/ 5- 14","1177,11",954,35,90,Россия
"Трансформатор понижающий ОСМ1-0,16 220/5-22-24/12","1177,11",954,56,37,Россия
"Трансформатор понижающий ОСМ1-0,16 220/5-22-110/12","1177,11",954,70,64,Россия
"Трансформатор понижающий ОСМ1-0,16 220/5-22-110/24","1177,11",954,39,87,Россия
"Трансформатор понижающий ОСМ1-0,16 220/5-22-110/42","1177,11",954,12,7,Россия
"Трансформатор понижающий ОСМ1-0,16 220/5-22-220/24","1177,11",954,26,30,Россия
"Трансформатор понижающий ОСМ1-0,16 220/5-22-220/42","1177,11",954,25,96,Россия
"Трансформатор понижающий ОСМ1-0,16 220/ 5-220","1177,11",954,99,53,Россия
"Трансформатор понижающий ОСМ1-0,16 220/ 5- 24","1177,11",954,12,75,Россия
"Трансформатор понижающий ОСМ1-0,16 220/ 5- 29","1177,11",954,15,96,Россия
"Трансформатор понижающий ОСМ1-0,16 220/ 5- 36","1177,11",954,27,6,Россия
"Трансформатор понижающий ОСМ1-0,16 220/5-36/24","1294,83",1049,86,25,Россия
"Трансформатор понижающий ОСМ1-0,16 220/ 5- 42","1177,11",954,50,61,Россия
"Трансформатор понижающий ОСМ1-0,16 380/110/29/24","1177,11",954,59,32,Россия
"Трансформатор понижающий ОСМ1-0,16 380/ 110/ 58/ 36","1294,83",1049,16,6,Россия
"Трансформатор понижающий ОСМ1-0,16 380/220/110/12","1294,83",1049,100,40,Россия
"Трансформатор понижающий ОСМ1-0,16 380/220/110/24","1294,83",1049,47,20,Россия
"Трансформатор понижающий ОСМ1-0,16 380/220/24","1177,11",954,36,61,Россия
"Трансформатор понижающий ОСМ1-0,16 380/220/36/24","1294,83",1049,34,81,Россия
"Трансформатор понижающий ОСМ1-0,16 380/36/24/12","1294,83",1049,36,16,Россия
"Трансформатор понижающий ОСМ1-0,16 380/48-56","1294,83",1049,7,89,Россия
"Трансформатор понижающий ОСМ1-0,16 380/ 5-110","1177,11",954,79,77,Россия
"Трансформатор понижающий ОСМ1-0,16 380/ 5- 12","1177,11",954,8,71,Россия
"Трансформатор понижающий ОСМ1-0,16 380/ 5-127","1177,11",954,61,4,Россия
"Трансформатор понижающий ОСМ1-0,16 380/5-22-110/12","1177,11",954,47,49,Россия
"Трансформатор понижающий ОСМ1-0,16 380/5-22-110/24","1177,11",954,95,40,Россия
"Трансформатор понижающий ОСМ1-0,16 380/5-22-110/36","1177,11",954,34,65,Россия
"Трансформатор понижающий ОСМ1-0,16 380/5-22-110/42","1177,11",954,24,27,Россия
"Трансформатор понижающий ОСМ1-0,16 380/5-22-220/12","1177,11",954,57,7,Россия
"Трансформатор понижающий ОСМ1-0,16 380/5-22-220/24","1177,11",954,30,60,Россия
"Трансформатор понижающий ОСМ1-0,16 380/5-22-220/29","1177,11",954,90,56,Россия
"Трансформатор понижающий ОСМ1-0,16 380/5-22-220/36","1177,11",954,20,72,Россия
"Трансформатор понижающий ОСМ1-0,16 380/5-22-220/42","1177,11",954,13,29,Россия
"Трансформатор понижающий ОСМ1-0,16 380/ 5-220","1177,11",954,81,33,Россия
"Трансформатор понижающий ОСМ1-0,16 380/ 5- 24","1177,11",954,6,23,Россия
"Трансформатор понижающий ОСМ1-0,16 380/ 5- 29","1177,11",954,71,29,Россия
"Трансформатор понижающий ОСМ1-0,16 380/ 5- 36","1177,11",954,96,88,Россия
"Трансформатор понижающий ОСМР 0,16 380/5-36","1062,33",861,72,97,Россия
"Трансформатор понижающий ОСМ1-0,16 380/ 5- 42","1177,11",954,45,35,Россия
"Трансформатор понижающий ОСМ1-0,16 380/56/56","1177,11",954,4,67,Россия
"Трансформатор понижающий ОСМ1-0,16 440/5-22-110 60Гц","1294,83",1049,45,8,Россия
"Трансформатор понижающий ОСМ1-0,16 440/5-22-110/12 60Гц","1294,83",1049,24,8,Россия
"Трансформатор понижающий ОСМ1-0,16 440/5-22-110/42 60Гц","1294,83",1049,14,28,Россия
"Трансформатор понижающий ОСМ1-0,25 127/12","1707,06",1383,15,26,Россия
"Трансформатор понижающий ОСМ1-0,25 220/ 110/ 24/ 12","1707,06",1383,59,53,Россия
"Трансформатор понижающий ОСМ1-0,25 220/ 110/ 24/ 20","1707,06",1383,31,7,Россия
"Трансформатор понижающий ОСМ1-0,25 220/ 12- 24","1707,06",1383,99,68,Россия
"Трансформатор понижающий ОСМ1-0,25 220/ 12- 24-36","1707,06",1383,56,81,Россия
"Трансформатор понижающий ОСМ1-0,25 220/127/15/12","1707,06",1383,16,23,Россия
"Трансформатор понижающий ОСМ1-0,25 220/ 14/14","1707,06",1383,50,66,Россия
"Трансформатор понижающий ОСМ1-0,25 220/ 160","1707,06",1383,24,15,Россия
"Трансформатор понижающий ОСМ1-0,25 220/ 24/24","1707,06",1383,57,14,Россия
"Трансформатор понижающий ОСМ1-0,25 220/24/5-12","1707,06",1383,84,79,Россия
"Трансформатор понижающий ОСМ1-0,25 220/29/12 В","1707,06",1383,16,38,Россия
"Трансформатор понижающий ОСМ1-0,25 220/36","1551,89",1258,86,5,Россия
"Трансформатор понижающий ОСМ1-0,25 220/ 36- 110/ 82","1707,06",1383,43,2,Россия
"Трансформатор понижающий ОСМ1-0,25 220/36/12","1707,06",1383,60,27,Россия
"Трансформатор понижающий ОСМ1-0,25 220/ 36/24","1707,06",1383,27,58,Россия
"Трансформатор понижающий ОСМ1-0,25 220/36/24/12","1707,06",1383,87,52,Россия
"Трансформатор понижающий ОСМ1-0,25 220/ 5-110","1551,89",1258,6,68,Россия
"Трансформатор понижающий ОСМ1-0,25 220/ 5- 12","1551,89",1258,98,19,Россия
Трансформатор понижающий NDK-250 220/5-12 (ОСМ1-0.25 220/5-12),"1551,89",1258,17,40,Россия
"Трансформатор понижающий ОСМ1-0,25 220/ 5-127","1707,06",1383,40,37,Россия
"Трансформатор понижающий ОСМ1-0,25 220/ 5-127/36","1707,06",1383,46,43,Россия
"Трансформатор понижающий ОСМ1-0,25 220/ 5-130","1551,89",1258,85,46,Россия
"Трансформатор понижающий ОСМ1-0,25 220/ 5- 18","1707,06",1383,16,1,Россия
"Трансформатор понижающий ОСМ1-0,25 220/5-22-110/12","1551,89",1258,62,63,Россия
"Трансформатор понижающий ОСМ1-0,25 220/5-22-110/24","1551,89",1258,7,55,Россия
"Трансформатор понижающий ОСМ1-0,25 220/5-22-110/36","1551,89",1258,67,9,Россия
"Трансформатор понижающий ОСМ1-0,25 220/5-22-110/42","1551,89",1258,78,13,Россия
"Трансформатор понижающий ОСМ1-0,25 220/5-22-220/24","1551,89",1258,51,32,Россия
"Трансформатор понижающий ОСМ1-0,25 220/5-22-220/36","1551,89",1258,15,81,Россия
"Трансформатор понижающий ОСМ1-0,25 220/ 5- 22- 220/110","1551,89",1258,15,37,Россия
"Трансформатор понижающий ОСМ1-0,25 220/ 5-220","1551,89",1258,10,100,Россия
"Трансформатор понижающий ОСМ1-0,25 220/ 5- 24","1551,89",1258,70,89,Россия
"Трансформатор понижающий ОСМ1-0,25 220/ 5- 29","1551,89",1258,30,35,Россия
"Трансформатор понижающий ОСМ1-0,25 220/ 5- 36","1551,89",1258,94,93,Россия
Трансформатор понижающий NDK-250 220/5-36 (ОСМ1-0.25 220/5-36),"1551,89",1258,5,88,Россия
"Трансформатор понижающий ОСМ1-0,25 220/ 5- 42","1551,89",1258,20,64,Россия
"Трансформатор понижающий ОСМ1-0,25 220/ 56/56","1707,06",1383,78,91,Россия
"Трансформатор понижающий ОСМ1-0,25 380/100","1707,06",1383,87,88,Россия
"Трансформатор понижающий ОСМ1-0,25 380/110/24","1551,89",1258,57,3,Россия
"Трансформатор понижающий ОСМ1-0,25 380/110/29/24","1551,89",1258,78,55,Россия
"Трансформатор понижающий ОСМ1-0,25 380/110/36/12","1707,06",1383,80,11,Россия
"Трансформатор понижающий ОСМ1-0,25 380/110/36/24","1707,06",1383,93,63,Россия
"Трансформатор понижающий ОСМ1-0,25 380/110/42/5-36","1707,06",1383,96,72,Россия
"Трансформатор понижающий ОСМ1-0,25 380/110/56/36","1707,06",1383,69,93,Россия
"Трансформатор понижающий ОСМ1-0,25 380/ 12- 24","1707,06",1383,55,85,Россия
"Трансформатор понижающий ОСМ1-0,25 380/127","1551,89",1258,59,23,Россия
"Трансформатор понижающий ОСМ1-0,25 380/127/36","1707,06",1383,1,78,Россия
"Трансформатор понижающий ОСМ1-0,25 380/220/110/24","1707,06",1383,46,49,Россия
"Трансформатор понижающий ОСМ1-0,25 380/220/12","1551,89",1258,55,62,Россия
"Трансформатор понижающий ОСМ1-0,25 380/ 220/ 24/24","1707,06",1383,9,46,Россия
"Трансформатор понижающий ОСМ1-0,25 380/220/42","1551,89",1258,43,72,Россия
"Трансформатор понижающий ОСМ1-0,25 380/24-220","1707,06",1383,93,46,Россия
"Трансформатор понижающий ОСМ1-0,25 380/29/29 В","1551,89",1258,13,16,Россия
"Трансформатор понижающий ОСМ1-0,25 380/5-110","1551,89",1258,61,99,Россия
"Трансформатор понижающий ОСМ1-0,25 380/5-110/24/12","1707,06",1383,75,32,Россия
"Трансформатор понижающий ОСМ1-0,25 380/5- 12","1551,89",1258,30,72,Россия
Трансформатор понижающий NDK-250 380/5-12 (ОСМ1-0.25 380/5-12),"1551,89",1258,63,53,Россия
"Трансформатор понижающий ОСМ1-0,25 380/5-22-110/110","1551,89",1258,72,37,Россия
"Трансформатор понижающий ОСМ1-0,25 380/5-22-110/12","1551,89",1258,12,63,Россия
"Трансформатор понижающий ОСМ1-0,25 380/5-22-110/24","1551,89",1258,44,54,Россия
"Трансформатор понижающий ОСМ1-0,25 380/5-22-110/36","1551,89",1258,95,11,Россия
"Трансформатор понижающий ОСМ1-0,25 380/5-22-110/42","1551,89",1258,35,68,Россия
"Трансформатор понижающий ОСМ1-0,25 380/5-22-127/36","1707,06",1383,12,13,Россия
"Трансформатор понижающий ОСМ1-0,25 380/5-22-220/12","1551,89",1258,11,24,Россия
"Трансформатор понижающий ОСМ1-0,25 380/5-22-220/24","1551,89",1258,12,15,Россия
"Трансфоматор понижающий ОСМ1-0,25 380/5-22-220/36","1551,89",1258,1,20,Россия
"Трансформатор понижающий ОСМ1-0,25 380/5-220","1551,89",1258,94,5,Россия
Трансформатор понижающий NDK-250 380/5-220 (ОСМ1-0.25 380/220),"1551,89",1258,45,81,Россия
"Трансформатор понижающий ОСМ1-0,25 380/5- 24","1551,89",1258,71,67,Россия
Трансформатор понижающий NDK-250 380/5- 24 (ОСМ1-0.25 380/5-24),"1412,19",1144,77,95,Россия
"Трансформатор понижающий ОСМ1-0,25 380/5-24-110/42","1707,06",1383,62,35,Россия
"Трансформатор понижающий ОСМ1-0,25 380/5-26","1707,06",1383,51,7,Россия
"Трансформатор понижающий ОСМ1-0,25 380/5- 29 В","1551,89",1258,94,92,Россия
"Трансформатор понижающий ОСМ1-0,25 380/5- 36","1551,89",1258,11,61,Россия
Трансформатор понижающий NDK-250 380/5-36 (ОСМ1-0.25 380/5-36),"1551,89",1258,43,78,Россия
"Трансформатор понижающий ОСМ1-0,25 380/5- 42","1551,89",1258,32,17,Россия
"Трансформатор понижающий ОСМ1-0,25 380/5-56","1551,89",1258,98,88,Россия
"Трансформатор понижающий ОСМ1-0,25 380/5-60","1707,06",1383,5,90,Россия
"Трансформатор понижающий ОСМ1-0,25 380/ 56/ 56","1707,06",1383,9,46,Россия
"Трансформатор понижающий ОСМ1-0,25 660/5-36","1551,89",1258,58,96,Россия
"Трансформатор понижающий ОСМ1-0,4 110/ 100/90","2409,65",1952,79,68,Россия
"Трансформатор понижающий ОСМ1-0,4 110/ 220","2409,65",1952,81,48,Россия
"Трансформатор понижающий ОСМ1-0,4 127/36","2409,65",1952,57,22,Россия
"Трансформатор понижающий ОСМ1-0,4 220/ 12-36","2409,65",1952,43,40,Россия
"Трансформатор понижающий ОСМ1-0,4 220/14/ 14","2190,59",1775,4,97,Россия
"Трансформатор понижающий ОСМ1-0,4 220/ 220/12","2409,65",1952,10,80,Россия
"Трансформатор понижающий ОСМ1-0,4 220/220/36","2409,65",1952,66,85,Россия
"Трансформатор понижающий ОСМ1-0,4 220/24-110","2409,65",1952,90,9,Россия
"Трансформатор понижающий ОСМ1-0,4 220/ 24-28-60-110","2409,65",1952,2,8,Россия
"Трансформатор понижающий ОСМ1-0,4 220/24/12","2409,65",1952,25,49,Россия
"Трансформатор понижающий ОСМ1-0,4 220/ 29/29","2190,59",1775,12,78,Россия
"Трансформатор понижающий ОСМ1-0,4 220/36/12","2409,65",1952,89,27,Россия
"Трансформатор понижающий ОСМ1-0,4 220/ 36/24/12","2409,65",1952,55,55,Россия
"Трансформатор понижающий ОСМ1-0,4 220/42/24/12","2409,65",1952,50,65,Россия
"Трансформатор понижающий ОСМ1-0,4 220/ 5-110","2190,59",1775,9,45,Россия
"Трансформатор понижающий ОСМ1-0,4 220/ 5- 12","2190,59",1775,49,3,Россия
"Трансформатор понижающий ОСМ1-0,4 220/ 5-127","2190,59",1775,52,76,Россия
"Трансформатор понижающий ОСМ1-0,4 220/5-22-110/12","2190,59",1775,48,8,Россия
"Трансформатор понижающий ОСМ1-0,4 220/5-22-110/24","2190,59",1775,73,4,Россия
"Трансформатор понижающий ОСМ1-0,4 220/5-22-110/36","2190,59",1775,27,64,Россия
"Трансформатор понижающий ОСМ1-0,4 220/5-22-110/42","2190,59",1775,45,50,Россия
"Трансформатор понижающий ОСМ1-0,4 220/5-22-220/110","2190,59",1775,76,72,Россия
"Трансформатор понижающий ОСМ1-0,4 220/5-22-220/24","2190,59",1775,64,64,Россия
"Трансформатор понижающий ОСМ1-0,4 220/ 5-220","2190,59",1775,33,56,Россия
"Трансформатор понижающий ОСМ1-0,4 220/ 5- 24","2190,59",1775,25,5,Россия
"Трансформатор понижающий ОСМ1-0,4 220/ 5- 29","2190,59",1775,100,79,Россия
"Трансформатор понижающий ОСМ1-0,4 220/ 5- 36","2190,59",1775,50,88,Россия
"Трансформатор понижающий ОСМ1-0,4 220/ 5- 42","2190,59",1775,58,12,Россия
"Трансформатор понижающий ОСМ1-0,4 220/ 5- 56","2190,59",1775,79,40,Россия
"Трансформатор понижающий ОСМ1-0,4 220/60","2409,65",1952,84,45,Россия
"Трансформатор понижающий ОСМ1-0,4 380/110-24","2190,59",1775,6,33,Россия
"Трансформатор понижающий ОСМ1-0,4 380/110/24","2190,59",1775,49,6,Россия
"Трансформатор понижающий ОСМ1-0,4 380/110/24/12","2409,65",1952,77,94,Россия
"Трансформатор понижающий ОСМ1-0,4 380/110/24/24","2409,65",1952,40,28,Россия
"Трансформатор понижающий ОСМ1-0,4 380/110/29/12","2190,59",1775,12,39,Россия
"Трансформатор понижающий ОСМ1-0,4 380/110/29/24","2190,59",1775,80,83,Россия
"Трансформатор понижающий ОСМ1-0,4 380/110/29/42","2190,59",1775,4,84,Россия
"Трансформатор понижающий ОСМ1-0,4 380/110/36/24","2409,65",1952,14,48,Россия
"Трансформатор понижающий ОСМ1-0,4 380/110/36/36","2409,65",1952,76,31,Россия
"Трансформатор понижающий ОСМ1-0,4 380/110/42","2190,59",1775,18,54,Россия
"Трансформатор понижающий ОСМ1-0,4 380/110/56","2409,65",1952,95,64,Россия
"Трансформатор понижающий ОСМ1-0,4 380/110/56/36","2409,65",1952,72,14,Россия
"Трансформатор понижающий ОСМ1-0,4 380/110/56/60","2409,65",1952,72,97,Россия
"Трансформатор понижающий ОСМ1-0,4 380/110/58/24","2409,65",1952,77,65,Россия
"Трансформатор понижающий ОСМ1-0,4 380/110/58/36","2409,65",1952,6,67,Россия
"Трансформатор понижающий ОСМ1-0,4 380/110/60/24","2409,65",1952,64,38,Россия
"Трансформатор понижающий ОСМ1-0,4 380/110/60/36","2409,65",1952,67,53,Россия
"Трансформатор понижающий ОСМ1-0,4 380/12-24-36-42-110","2409,65",1952,49,22,Россия
"Трансформатор понижающий ОСМ1-0,4 380/127/36","2190,59",1775,32,22,Россия
"Трансформатор понижающий ОСМ1-0,4 380/127/36/18","2409,65",1952,68,95,Россия
"Трансформатор понижающий ОСМ1-0,4 380/ 127/ 36/ 24","2409,65",1952,42,62,Россия
"Трансформатор понижающий ОСМ1-0,4 380/130/110","2409,65",1952,72,56,Россия
"Трансформатор понижающий ОСМ1-0,4 380/19","2409,65",1952,6,71,Россия
"Трансформатор понижающий ОСМ1-0,4 380/220","2190,59",1775,24,10,Россия
"Трансформатор понижающий ОСМ1-0,4 380/220-110","2190,59",1775,84,99,Россия
"Трансформатор понижающий ОСМ1-0,4 380/ 220- 220","2409,65",1952,13,61,Россия
"Трансформатор понижающий ОСМ1-0,4 380/ 220/110/24","2409,65",1952,100,59,Россия
"Трансформатор понижающий ОСМ1-0,4 380/220/12","2190,59",1775,100,40,Россия
"Трансформатор понижающий ОСМ1-0,4 380/220/36/12","2409,65",1952,23,56,Россия
"Трансформатор понижающий ОСМ1-0,4 380/220/5-24","2190,59",1775,67,70,Россия
"Трансформатор понижающий ОСМ1-0,4 380/220/60/36","2409,65",1952,72,66,Россия
"Трансформатор понижающий ОСМ1-0,4 380/24-110/56","2409,65",1952,25,21,Россия
"Трансформатор понижающий ОСМ1-0,4 380/24-220 В","2190,59",1775,5,64,Россия
"Трансформатор понижающий ОСМ1-0,4 380/24- 36","2409,65",1952,75,7,Россия
"Трансформатор понижающий ОСМ1-0,4 380/24-56-110/60","2409,65",1952,48,65,Россия
"Трансформатор понижающий ОСМ1-0,4 380/24/29 В","2409,65",1952,92,71,Россия
"Трансформатор понижающий ОСМ1-0,4 380/ 36-130/55-60","2409,65",1952,62,9,Россия
"Трансформатор понижающий ОСМ1-0,4 380/ 36-130/ 55-60","2409,65",1952,69,4,Россия
"Трансформатор понижающий ОСМ1-0,4 380/36/36","2409,65",1952,88,29,Россия
"Трансформатор понижающий ОСМ1-0,4 380/5-110","2190,59",1775,97,88,Россия
"Трансформатор понижающий ОСМ1-0,4 380/5-110-127/36","2409,65",1952,21,38,Россия
"Трансформатор понижающий ОСМ1-0,4 380/5-110/36/24","2409,65",1952,56,24,Россия
"Трансформатор понижающий ОСМ1-0,4 380/5- 12","2190,59",1775,89,81,Россия
"Трансформатор понижающий ОСМ1-0,4 380/5- 22-110/12","2190,59",1775,25,34,Россия
"Трансформатор понижающий ОСМ1-0,4 380/5- 22-110/24","2190,59",1775,5,49,Россия
"Трансформатор понижающий ОСМ1-0,4 380/5- 22-110/36","2190,59",1775,47,95,Россия
"Трансформатор понижающий ОСМ1-0,4 380/5- 22-110/42","2190,59",1775,25,92,Россия
"Трансформатор понижающий ОСМ1-0,4 380/5- 22-127/36","2409,65",1952,27,21,Россия
"Трансформатор понижающий ОСМ1-0,4 380/5- 22-220/12","2190,59",1775,62,100,Россия
"Трансформатор понижающий ОСМ1-0,4 380/5- 22-220/24","2190,59",1775,89,24,Россия
"Трансформатор понижающий ОСМ1-0,4 380/5- 22-220/36","2190,59",1775,10,98,Россия
"Трансформатор понижающий ОСМ1-0,4 380/5- 22-220/42","2190,59",1775,94,36,Россия
"Трансформатор понижающий ОСМ1-0,4 380/5-220","2190,59",1775,85,62,Россия
"Трансформатор понижающий ОСМ1-0,4 380/5- 24","2190,59",1775,31,21,Россия
"Трансформатор понижающий ОСМ1-0,4 380/5- 29","2190,59",1775,77,55,Россия
"Трансформатор понижающий ОСМ1-0,4 380/5- 36","2190,59",1775,12,50,Россия
Трансформатор понижающий NDK-400 380/5- 36 (ОСМ1-0.4 380/5-36),"1893,26",1534,11,54,Россия
"Трансформатор понижающий ОСМ1-0,4 380/5- 36-110/12","2409,65",1952,80,24,Россия
"Трансформатор понижающий ОСМ1-0,4 380/5- 42","2190,59",1775,3,70,Россия
"Трансформатор понижающий ОСМ1-0,4 380/5- 56","2190,59",1775,41,3,Россия
"Трансформатор понижающий ОСМ1-0,4 380/5- 58-110/24","2409,65",1952,35,92,Россия
"Трансформатор понижающий ОСМ1-0,4 380/5-60-110/36","2409,65",1952,8,7,Россия
"Трансформатор понижающий ОСМ1-0,4 380/5- 60-127/36","2409,65",1952,32,77,Россия
"Трансформатор понижающий ОСМ1-0,4 380/56/56","2190,59",1775,32,79,Россия
"Трансформатор понижающий ОСМ1-0,4 380/82","2409,65",1952,24,17,Россия
"Трансформатор повышающий ОСМ1-0,63 110/ 220","3178,01",2575,86,65,Россия
"Трансформатор понижающий ОСМ1-0,63 220/ 110","2889,11",2341,89,61,Россия
"Трансформатор понижающий ОСМ1-0,63 220/110- 24/12","3178,01",2575,14,5,Россия
"Трансформатор понижающий ОСМ1-0,63 220/ 110/12","2889,11",2341,22,47,Россия
"Трансформатор понижающий ОСМ1-0,63 220/ 12-24-36 В","3178,01",2575,31,14,Россия
"Трансформатор понижающий ОСМ1-0,63 220/ 12- 24- 36- 42- 110","3178,01",2575,84,82,Россия
"Трансформатор понижающий ОСМ1-0,63 220/ 12- 36 В","3178,01",2575,85,73,Россия
"Трансформатор понижающий ОСМ1-0,63 220/ 12/12","2889,11",2341,38,100,Россия
"Трансформатор понижающий ОСМ1-0,63 220/ 127/24-5","3178,01",2575,29,49,Россия
"Трансформатор понижающий ОСМ1-0,63 220/ 14/8","3178,01",2575,51,34,Россия
"Трансформатор понижающий ОСМ1-0,63 220/ 14/14","2889,11",2341,66,45,Россия
"Трансформатор понижающий ОСМ1-0,63 220/ 19","3178,01",2575,88,4,Россия
"Трансформатор понижающий ОСМ1-0,63 220/220 В","2889,11",2341,44,41,Россия
"Трансформатор понижающий ОСМ1-0,63 220/ 24/12","3178,01",2575,65,24,Россия
"Трансформатор понижающий ОСМ1-0,63 220/ 36/12","3178,01",2575,59,25,Россия
"Трансформатор понижающий ОСМ1-0,63 220/ 42","2889,11",2341,48,18,Россия
"Трансформатор понижающий ОСМ1-0,63 220/42/12","3178,01",2575,64,38,Россия
"Трансформатор понижающий ОСМ1-0,63 220/ 42/24","3178,01",2575,39,43,Россия
"Трансформатор понижающий ОСМ1-0,63 220/48 В","3178,01",2575,64,63,Россия
"Трансформатор понижающий ОСМ1-0,63 220/5- 22-110/12","2889,11",2341,100,14,Россия
"Трансформатор понижающий ОСМ1-0,63 220/ 5-110 В","2889,11",2341,42,65,Россия
"Трансформатор понижающий ОСМ1-0,63 220/ 5- 12","2889,11",2341,2,38,Россия
"Трансформатор понижающий ОСМ1-0,63 220/ 5-127В","2889,11",2341,59,43,Россия
"Трансформатор понижающий ОСМ1-0,63 220/5- 22-110/24","2889,11",2341,33,40,Россия
"Трансформатор понижающий ОСМ1-0,63 220/5- 22-110/36","2889,11",2341,50,91,Россия
"Трансформатор понижающий ОСМ1-0,63 220/5- 22-110/42","2889,11",2341,37,11,Россия
"Трансформатор понижающий ОСМ1-0,63 220/5- 22-220/12","2889,11",2341,62,45,Россия
"Трансформатор понижающий ОСМ1-0,63 220/5- 22-220/24","2889,11",2341,67,87,Россия
"Трансформатор понижающий ОСМ1-0,63 220/ 5-220 В","2889,11",2341,93,76,Россия
"Трансформатор понижающий ОСМ1-0,63 220/ 5- 24 В","2889,11",2341,9,91,Россия
"Трансформатор понижающий ОСМ1-0,63 220/ 5- 29 В","2889,11",2341,24,51,Россия
"Трансформатор понижающий ОСМ1-0,63 220/ 5- 36 В","2889,11",2341,39,19,Россия
"Трансформатор понижающий ОСМ1-0,63 220/ 5- 42 В","2889,11",2341,17,45,Россия
"Трансформатор понижающий ОСМ1-0,63 220/ 5- 56 В","2889,11",2341,56,98,Россия
"Трансформатор понижающий ОСМ1-0,63 220/ 56/56","2889,11",2341,31,82,Россия
"Трансформатор понижающий ОСМ1-0,63 220/60","3178,01",2575,89,32,Россия
"Трансформатор понижающий ОСМ1-0,63 220/ 63/ 56/ 48","3178,01",2575,100,33,Россия
"Трансформатор понижающий ОСМ1-0,63 220/80","3178,01",2575,20,15,Россия
"Трансформатор понижающий ОСМ1-0,63 380/0-22-24/0-10-10","3503,70",2838,98,25,Россия
"Трансформатор понижающий ОСМ1-0,63 380/110-220","3178,01",2575,87,93,Россия
"Тр-р пониж. ОСМ1-0,63 380/110/12","3178,01",2575,81,69,Россия
"Трансформатор понижающий ОСМ1-0,63 380/110/24","3178,01",2575,91,75,Россия
"Тр-р пониж. ОСМ1-0,63 380/110/29","2889,11",2341,9,3,Россия
"Трансформатор понижающий ОСМ1-0,63 380/110/29/12","2889,11",2341,3,97,Россия
"Трансформатор понижающий ОСМ1-0,63 380/110/29/24","2889,11",2341,73,95,Россия
"Трансформатор понижающий ОСМ1-0,63 380/110/36/24","3178,01",2575,24,36,Россия
"Тр-р пониж. ОСМ1-0,63 380/110/42/24","3178,01",2575,7,9,Россия
"Трансформатор понижающий ОСМ1-0,63 380/110/56/24","3178,01",2575,8,50,Россия
"Трансформатор понижающий ОСМ1-0,63 380/110/56/36","3178,01",2575,19,77,Россия
"Трансформатор понижающий ОСМ1-0,63 380/110/59/36","3178,01",2575,94,14,Россия
"Трансформатор понижающий ОСМ1-0,63 380/110/60/24","3178,01",2575,2,97,Россия
"Трансформатор понижающий ОСМ1-0,63 380/110/60/36","3178,01",2575,45,97,Россия
"Трансформатор понижающий ОСМ1-0,63 380/ 110/65/24","3178,01",2575,44,91,Россия
"Трансформатор понижающий ОСМ1-0,63 380/12/12","2889,11",2341,47,97,Россия
"Трансформатор понижающий ОСМ1-0,63 380/ 127/ 24","3178,01",2575,22,29,Россия
"Тр-р пониж. ОСМ1-0,63 380/127/36","3178,01",2575,7,24,Россия
"Тр-р пониж. ОСМ1-0,63 380/127/60/36","3178,01",2575,54,50,Россия
"Тр-р пониж. ОСМ1-0,63 380/130","3178,01",2575,78,91,Россия
"Трансформатор понижающий ОСМ1-0,63 380/14/14","2889,11",2341,22,36,Россия
"Трансформатор понижающий ОСМ1-0,63 380/ 22/ 19","3178,01",2575,7,4,Россия
"Трансформатор понижающий ОСМ1-0,63 380/220/110/24","3178,01",2575,84,96,Россия
"Трансформатор понижающий ОСМ1-0,63 380/220/36","3178,01",2575,69,91,Россия
"Трансформатор понижающий ОСМ1-0,63 380/220/36/12","3178,01",2575,81,77,Россия
"Трансформатор понижающий ОСМ1-0,63 380/220/36/42","3178,01",2575,63,75,Россия
"Трансформатор понижающий ОСМ1-0,63 380/ 24- 110/ 56- 60","3178,01",2575,23,4,Россия
"Трансформатор понижающий ОСМ1-0,63 380/ 240/ 220","3178,01",2575,46,62,Россия
"Трансформатор понижающий ОСМ1-0,63 380/ 36/12","3178,01",2575,17,70,Россия
"Тр-р пониж. ОСМ1-0,63 380/48/36/24","3178,01",2575,62,38,Россия
"Трансформатор понижающий ОСМ1-0,63 380/5-22-110/24","2889,11",2341,64,56,Россия
"Трансформатор понижающий ОСМ1-0,63 380/ 5-110 В","2889,11",2341,99,57,Россия
"Трансформатор понижающий ОСМ1-0,63 380/5-110/29","2889,11",2341,60,21,Россия
"Трансформатор понижающий ОСМ1-0,63 380/ 5- 12 В","2889,11",2341,95,82,Россия
"Трансформатор понижающий ОСМ1-0,63 380/ 5- 127 В","2889,11",2341,88,5,Россия
"Трансформатор понижающий ОСМ1-0,63 380/5-22-110/12","2889,11",2341,30,100,Россия
"Трансформатор понижающий ОСМ1-0,63 380/5-22-110/29","2889,11",2341,27,86,Россия
"Трансформатор понижающий ОСМ1-0,63 380/5-22-110/36","2889,11",2341,37,58,Россия
"Трансформатор понижающий ОСМ1-0,63 380/5-22-110/42","2889,11",2341,76,42,Россия
"Трансформатор понижающий ОСМ1-0,63 380/5-22-220/110","2889,11",2341,44,63,Россия
"Трансформатор понижающий ОСМ1-0,63 380/5-22-220/12","2889,11",2341,30,6,Россия
"Трансформатор понижающий ОСМ1-0,63 380/5-22-220/24","2889,11",2341,71,15,Россия
"Трансформатор понижающий ОСМ1-0,63 380/5-22-220/36","2889,11",2341,96,59,Россия
"Трансформатор понижающий ОСМ1-0,63 380/5-22-220/42","2889,11",2341,88,2,Россия
"Трансформатор понижающий ОСМ1-0,63 380/ 5-220 В","2889,11",2341,66,92,Россия
"Трансформатор понижающий ОСМ1-0,63 380/ 5- 24 В","2889,11",2341,4,66,Россия
"Трансформатор понижающий ОСМ1-0,63 380/ 5- 29 В","2889,11",2341,61,5,Россия
"Трансформатор понижающий ОСМ1-0,63 380/ 5- 36 В","2889,11",2341,42,50,Россия
"Трансформатор понижающий ОСМ1-0,63 380/ 5- 42 В","2889,11",2341,68,96,Россия
"Трансформатор понижающий ОСМ1-0,63 380/ 5- 56 В","2889,11",2341,47,65,Россия
"Трансформатор понижающий ОСМ1-0,63 380/5-58-110/24","3178,01",2575,64,77,Россия
"Трансформатор понижающий ОСМ1-0,63 380/5-60","3178,01",2575,33,5,Россия
"Трансформатор понижающий ОСМ1-0,63 380/ 56/56В","2889,11",2341,51,15,Россия
"Тр-р пониж. ОСМ1-0,63 380/60/36/24","3178,01",2575,59,98,Россия
"Тр-р пониж. ОСМ1-0,63 380/65","3178,01",2575,30,96,Россия
"Трансформатор понижающий ОСМ1-0,63 440/ 230 В","3178,01",2575,5,69,Россия
"Трансформатор понижающий ОСМ1-0,63 660/ 36- 133","3178,01",2575,19,86,Россия
"Трансформатор понижающий ОСМ1-0,63 660/ 36/ 18","3178,01",2575,66,56,Россия
"Трансформатор понижающий ОСМ1-0,63 380/ 220/220","3178,01",2575,14,32,Россия
"Трансформатор повышающий ОСМ1-1,0 110/220","4869,59",3945,6,14,Россия
"Трансформатор понижающий ОСМ1-1,0 220/12-24-36","4869,59",3945,98,36,Россия
"Трансформатор понижающий ОСМ1-1,0 220/ 14/ 14","4426,91",3586,90,95,Россия
"Трансформатор понижающий ОСМ1-1,0 220/15","4869,59",3945,27,70,Россия
"Трансформатор разделительный ОСМ1-1,0 220/220","4426,91",3586,22,90,Россия
"Трансформатор ОСМ1-1,0 ОМ5 220/230","5288,12",4284,99,80,Россия
"Трансформатор понижающий ОСМ1-1,0 220/29","4426,91",3586,77,61,Россия
"Трансформатор понижающий ОСМ1-1,0 220/36/24/42","4869,59",3945,41,45,Россия
"Трансформатор понижающий ОСМ1-1,0 220/42/24","4869,59",3945,7,71,Россия
"Трансформатор понижающий ОСМ1-1,0 220/5-10-18/24","4869,59",3945,35,22,Россия
"Трансформатор понижающий ОСМ1-1,0 220/5-110","4426,91",3586,83,70,Россия
"Трансформатор понижающий ОСМ1-1,0 220/5-12","4869,59",3945,43,100,Россия
"Трансформатор понижающий ОСМ1-1,0 220/5-12/24","4869,59",3945,87,16,Россия
"Трансформатор понижающий ОСМ1-1,0 220/5-22-110/12","4426,91",3586,3,89,Россия
"Трансформатор понижающий ОСМ1-1,0 220/5-22-110/24","4426,91",3586,54,89,Россия
"Трансформатор понижающий ОСМ1-1,0 220/5-22-110/36","4426,91",3586,9,33,Россия
"Трансформатор понижающий ОСМ1-1,0 220/5-22-110/42","4426,91",3586,81,72,Россия
"Трансформатор понижающий ОСМ1-1,0 220/5-22-220/110","4426,91",3586,83,47,Россия
"Трансформатор понижающий ОСМ1-1,0 220/5-22-220/12","4426,91",3586,62,42,Россия
"Трансформатор понижающий ОСМ1-1,0 220/5-22-220/24","4426,91",3586,45,95,Россия
"Трансформатор понижающий ОСМ1-1,0 220/5-22-220/42","4426,91",3586,10,59,Россия
"Трансформатор понижающий ОСМ1-1,0 220/5-220","4426,91",3586,2,15,Россия
"Трансформатор понижающий ОСМ1-1,0 220/5-220/12","4426,91",3586,6,31,Россия
"Трансформатор понижающий ОСМ1-1,0 220/5-220/36","4426,91",3586,6,29,Россия
"Трансформатор понижающий ОСМ1-1,0 220/5-24","4426,91",3586,18,2,Россия
"Трансформатор понижающий ОСМ1-1,0 220/5-24/24","4426,91",3586,15,75,Россия
"Трансформатор понижающий ОСМ1-1,0 220/5-29","4426,91",3586,36,88,Россия
"Трансформатор понижающий ОСМ1-1,0 220/5-36","4426,91",3586,86,57,Россия
"Трансформатор понижающий ОСМ1-1,0 220/5-36/24","4869,59",3945,26,64,Россия
"Трансформатор понижающий ОСМ1-1,0 220/5-42","4426,91",3586,55,49,Россия
"Трансформатор понижающий ОСМ1-1,0 220/56/56","4426,91",3586,91,35,Россия
"Трансформатор понижающий ОСМ1-1,0 220/6-12","4869,59",3945,18,10,Россия
"Трансформатор понижающий ОСМ1-1,0 220/70","4869,59",3945,57,54,Россия
"Трансформатор понижающий ОСМ1-1,0 220/80","4869,59",3945,65,88,Россия
"Трансформатор понижающий ОСМ1-1,0 380/110/24","4426,91",3586,37,23,Россия
"Трансформатор понижающий ОСМ1-1,0 380/110/24/12","4869,59",3945,60,78,Россия
"Трансформатор понижающий ОСМ1-1,0 380/110/28","4869,59",3945,2,33,Россия
"Трансформатор понижающий ОСМ1-1,0 380/110/29/24","4869,59",3945,20,66,Россия
"Трансформатор понижающий ОСМ1-1,0 380/110/36/24","4869,59",3945,91,93,Россия
"Трансформатор понижающий ОСМ1-1,0 380/110/42","4426,91",3586,87,84,Россия
"Трансформатор понижающий ОСМ1-1,0 380/110/56/24","4869,59",3945,93,10,Россия
"Трансформатор понижающий ОСМ1-1,0 380/110/56/36","4869,59",3945,58,78,Россия
"Трансформатор понижающий ОСМ1-1,0 380/110/65/24","4869,59",3945,82,2,Россия
"Трансформатор понижающий ОСМ1-1,0 380/12- 36","4869,59",3945,64,66,Россия
"Трансформатор понижающий ОСМ1-1,0 380/127/24","4869,59",3945,5,32,Россия
"Трансформатор понижающий ОСМ1-1,0 380/127/36","4869,59",3945,96,87,Россия
"Трансформатор понижающий ОСМ1-1,0 380/127/60/36","4869,59",3945,66,96,Россия
"Трансформатор понижающий ОСМ1-1,0 380/14/14","4426,91",3586,60,39,Россия
"Трансформатор понижающий ОСМ1-1,0 380/19","4869,59",3945,100,65,Россия
"Трансформатор понижающий ОСМ1-1,0 380/20","4869,59",3945,74,42,Россия
"Трансформатор понижающий ОСМ1-1,0 380/22-110/56/42","4869,59",3945,87,81,Россия
"Трансформатор понижающий ОСМ1-1,0 380/220-240","4869,59",3945,6,9,Россия
"Трансформатор понижающий ОСМ1-1,0 380/ 220/ 110/ 24/ 5","4869,59",3945,43,82,Россия
"Трансформатор понижающий ОСМ1-1,0 380/220/12","4426,91",3586,14,86,Россия
"Трансформатор понижающий ОСМ1-1,0 380/220/24","4426,91",3586,86,64,Россия
"Трансформатор понижающий ОСМ1-1,0 380/220/36","4426,91",3586,51,26,Россия
"Трансформатор понижающий ОСМ1-1,0 380/220/42","4426,91",3586,33,60,Россия
"Трансформатор понижающий ОСМ1-1,0 380/230","4869,59",3945,85,91,Россия
"Трансформатор понижающий ОСМ1-1,0 380/24/24","4426,91",3586,90,68,Россия
"Трансформатор понижающий ОСМ1-1,0 380/29-32-60","4869,59",3945,88,83,Россия
"Трансформатор понижающий ОСМ1-1,0 380/29/29","4426,91",3586,9,57,Россия
"Трансформатор понижающий ОСМ1-1,0 380/36-55/127","4869,59",3945,33,45,Россия
"Трансформатор понижающий ОСМ1-1,0 380/36/36","4426,91",3586,2,57,Россия
"Трансформатор понижающий ОСМ1-1,0 380/42/36","4869,59",3945,98,16,Россия
"Трансформатор понижающий ОСМ1-1,0 380/5-110","4426,91",3586,76,60,Россия
"Трансформатор понижающий ОСМ1-1,0 380/5-110/14","4869,59",3945,6,53,Россия
"Трансформатор понижающий ОСМ1-1,0 380/5-110/36","4426,91",3586,23,83,Россия
"Трансформатор понижающий ОСМ1-1,0 380/5- 12","4426,91",3586,87,21,Россия
"Трансформатор понижающий ОСМ1-1,0 380/5-22-110/12","4426,91",3586,41,38,Россия
"Трансформатор понижающий ОСМ1-1,0 380/5-22-110/24","4426,91",3586,6,95,Россия
"Трансформатор понижающий ОСМ1-1,0 380/5-22-110/36","4426,91",3586,11,67,Россия
"Трансформатор понижающий ОСМ1-1,0 380/5-22-110/42","4426,91",3586,20,100,Россия
"Трансформатор понижающий ОСМ1-1,0 380/5-22-220/110","4426,91",3586,80,27,Россия
"Трансформатор понижающий ОСМ1-1,0 380/5-22-220/12","4426,91",3586,82,46,Россия
"Трансформатор понижающий ОСМ1-1,0 380/5-22-220/24","4426,91",3586,71,89,Россия
"Трансформатор понижающий ОСМ1-1,0 380/5-22-220/36","4426,91",3586,95,78,Россия
"Трансформатор понижающий ОСМ1-1,0 380/5-22-220/42","4426,91",3586,94,60,Россия
"Трансформатор понижающий ОСМ1-1,0 380/5-220","4426,91",3586,56,41,Россия
"Трансформатор понижающий ОСМ1-1,0 380/5- 24","4426,91",3586,68,3,Россия
"Трансформатор понижающий ОСМ1-1,0 380/5- 29","4426,91",3586,3,47,Россия
"Трансформатор понижающий ОСМ1-1,0 380/5- 36","4426,91",3586,81,94,Россия
"Трансформатор понижающий ОСМ1-1,0 380/5- 42","4426,91",3586,21,51,Россия
"Трансформатор понижающий ОСМ1-1,0 660/110/36/36","4869,59",3945,89,92,Россия
"Трансформатор ОСМ1-1,0-ОМ5 660/ 220/ 127/ 36","7647,03",6195,51,58,Россия
"Трансформатор разделительный ОСМР-1,0 220/ 220","5552,51",4498,63,96,Россия
"Трансформатор понижающий ОСМ1-1,6 220/ 100","6969,57",5646,26,26,Россия
"Трансформатор понижающий ОСМ1-1,6 220/110","6969,57",5646,63,44,Россия
"Трансформатор понижающий ОСМ1-1,6 220/110/12","6969,57",5646,6,80,Россия
"Трансформатор понижающий ОСМ1-1,6 220/12","6969,57",5646,27,25,Россия
"Трансформатор понижающий ОСМ1-1,6 220/12/12","6969,57",5646,33,76,Россия
"Трансформатор понижающий ОСМ1-1,6 220/127","6969,57",5646,51,100,Россия
"Трансформатор понижающий ОСМ1-1,6 220/18-22-24","6969,57",5646,50,61,Россия
"Трансформатор понижающий ОСМ1-1,6 220/220","6969,57",5646,31,96,Россия
"Трансформатор понижающий ОСМ1-1,6 220/24","6969,57",5646,94,29,Россия
"Трансформатор понижающий ОСМ1-1,6 220/24/24","6969,57",5646,45,84,Россия
"Трансформатор понижающий ОСМ1-1,6 220/29/29","6969,57",5646,3,82,Россия
"Трансформатор понижающий ОСМ1-1,6 220/36","6969,57",5646,79,100,Россия
"Трансформатор понижающий ОСМ1-1,6 220/42","6969,57",5646,34,51,Россия
"Трансформатор понижающий ОСМ1-1,6 220/5-22-110/24","6335,96",5133,74,15,Россия
"Трансформатор понижающий ОСМ1-1,6 220/5-22-110/36","6335,96",5133,28,83,Россия
"Трансформатор понижающий ОСМ1-1,6 220/5-22-110/42","6335,96",5133,34,52,Россия
"Трансформатор понижающий ОСМ1-1,6 220/5-22-220/12","6335,96",5133,62,54,Россия
"Трансформатор понижающий ОСМ1-1,6 220/5-22-220/36","6969,57",5646,16,24,Россия
"ОСМ1-1,6 220/ 5- 220","6969,57",5646,74,49,Россия
"Трансформатор понижающий ОСМ1-1,6 220/5-42","6969,57",5646,56,94,Россия
"ОСМ1-1,6 220/62","6969,57",5646,71,79,Россия
"Трансформатор понижающий ОСМ1-1,6 220/80/60","6969,57",5646,12,42,Россия
"Трансформатор понижающий ОСМ1-1,6 380/110","6969,57",5646,18,77,Россия
"Трансформатор понижающий ОСМ1-1,6 380/110/24/12","6969,57",5646,47,8,Россия
"Трансформатор понижающий ОСМ1-1,6 380/110/56/24","6969,57",5646,63,46,Россия
"Трансформатор понижающий ОСМ1-1,6 380/127/110","6969,57",5646,19,59,Россия
"Трансформатор понижающий ОСМ1-1,6 380/135/110","6969,57",5646,79,6,Россия
"Трансформатор понижающий ОСМ1-1,6 380/220","6335,96",5133,63,71,Россия
"Трансформатор понижающий ОСМ1-1,6 380/220-24/12","6969,57",5646,58,51,Россия
"Трансформатор понижающий ОСМ1-1,6 380/220/110","6969,57",5646,91,100,Россия
"Трансформатор понижающий ОСМ1-1,6 380/220/12","6969,57",5646,56,94,Россия
"Трансформатор понижающий ОСМ1-1,6 380/220/24","6969,57",5646,73,37,Россия
"Трансформатор понижающий ОСМ1-1,6 380/220/24/12","6969,57",5646,91,77,Россия
"Трансформатор понижающий ОСМ1-1,6 380/220/36","6969,57",5646,54,75,Россия
"Трансформатор понижающий ОСМ1-1,6 380/220/42/12","6969,57",5646,8,87,Россия
"Трансформатор понижающий ОСМ1-1,6 380/36","6969,57",5646,60,52,Россия
"Трансформатор понижающий ОСМ1-1,6 380/36/12","6969,57",5646,9,7,Россия
"Трансформатор понижающий ОСМ1-1,6 380/380","6969,57",5646,21,94,Россия
"Трансформатор понижающий ОСМ1-1,6 380/42","6969,57",5646,15,12,Россия
"Трансформатор понижающий ОСМ1-1,6 380/42/36/29","6969,57",5646,92,53,Россия
"Трансформатор понижающий ОСМ1-1,6 380/5-100","6969,57",5646,42,71,Россия
"Трансформатор понижающий ОСМ1-1,6 380/5-22-110/12","6335,96",5133,40,66,Россия
"Трансформатор понижающий ОСМ1-1,6 380/5-22-110/24","6335,96",5133,54,70,Россия
"Трансформатор понижающий ОСМ1-1,6 380/5-22-110/36","6335,96",5133,64,33,Россия
"Трансформатор понижающий ОСМ1-1,6 380/5-22-220/ 110","6335,96",5133,30,82,Россия
"Трансформатор понижающий ОСМ1-1,6 380/5-22-220/ 12","6335,96",5133,9,12,Россия
"Трансформатор понижающий ОСМ1-1,6 380/5-22-220/24","6335,96",5133,91,64,Россия
"Трансформатор понижающий ОСМ1-1,6 380/5-22-220/ 36","6335,96",5133,7,53,Россия
"Трансформатор понижающий ОСМ1-1,6 380/5-22-220/ 42","6335,96",5133,97,10,Россия
"Трансформатор понижающий ОСМ1-1,6 380/5-24","6969,57",5646,75,49,Россия
"Трансформатор понижающий ОСМ1-1,6 380/60","6969,57",5646,38,90,Россия
"Трансформатор понижающий ОСМ1-1,6 400/220","6969,57",5646,35,18,Россия
"Трансформатор понижающий ОСМ1-1,6 690/230","6969,57",5646,13,26,Россия
"Трансформатор понижающий ОСМ1-2,5 220/110","8691,93",7041,29,50,Россия
"Трансформатор понижающий ОСМ1-2,5 220/110/24/9","9561,12",7745,83,97,Россия
"Трансформатор понижающий ОСМ1-2,5 220/12","9561,12",7745,40,26,Россия
"Трансформатор понижающий ОСМ1-2,5 220/127","9311,70",7543,31,56,Россия
"Трансформатор понижающий ОСМ1-2,5 220/220","9561,12",7745,18,39,Россия
"Трансформатор понижающий ОСМ1-2,5 220/24","9561,12",7745,86,42,Россия
"Трансформатор понижающий ОСМ1-2,5 220/24/24В","9561,12",7745,93,96,Россия
"Трансформатор понижающий ОСМ1-2,5 220/36","9561,12",7745,22,53,Россия
"Трансформатор понижающий ОСМ1-2,5 220/36/12","9561,12",7745,82,86,Россия
"Трансформатор понижающий ОСМ1-2,5 220/48","9561,12",7745,65,46,Россия
"Трансформатор понижающий ОСМ1-2,5 220/5-22-110/110","8691,93",7041,12,83,Россия
"Трансформатор понижающий ОСМ1-2,5 220/5-22-110/12","8691,93",7041,60,38,Россия
"Трансформатор понижающий ОСМ1-2,5 220/5-22-110/24","8691,93",7041,45,2,Россия
"Трансформатор понижающий ОСМ1-2,5 220/5-22-110/36","8691,93",7041,22,20,Россия
"Трансформатор понижающий ОСМ1-2,5 220/5-22-110/42","8691,93",7041,18,62,Россия
"Трансформатор понижающий ОСМ1-2,5 220/5-22-220/110","8691,93",7041,41,93,Россия
"Трансформатор понижающий ОСМ1-2,5 220/5-22-220/12","8691,93",7041,15,21,Россия
"Трансформатор понижающий ОСМ1-2,5 220/5-22-220/24","8691,93",7041,65,4,Россия
"Трансформатор понижающий ОСМ1-2,5 220/56","9561,12",7745,9,21,Россия
"Трансформатор понижающий ОСМ1-2,5 380/110В","8691,93",7041,60,49,Россия
"Трансформатор понижающий ОСМ1-2,5 380/110/29/24","9561,12",7745,8,61,Россия
"Трансформатор понижающий ОСМ1-2,5 380/127В","8691,93",7041,99,37,Россия
"Трансформатор понижающий ОСМ1-2,5 380/220","8691,93",7041,38,67,Россия
"Трансформатор понижающий ОСМ1-2,5 380/220/110/24 В","9561,12",7745,50,42,Россия
"Трансформатор понижающий ОСМ1-2,5 380/220/12","8691,93",7041,34,43,Россия
"Трансформатор понижающий ОСМ1-2,5 380/220/36/12","9561,12",7745,96,60,Россия
"Трансформатор понижающий ОСМ1-2,5 380/220/95","9561,12",7745,21,65,Россия
"Трансформатор понижающий ОСМ1-2,5 380/ 36В","9561,12",7745,33,70,Россия
"Трансформатор понижающий ОСМ1-2,5 380/ 36/ 24","9561,12",7745,1,78,Россия
"Трансформатор понижающий ОСМ1-2,5 380/42","9561,12",7745,6,22,Россия
"Трансформатор понижающий ОСМ1-2,5 380/42/42/42","9561,12",7745,89,88,Россия
"Трансформатор понижающий ОСМ1-2,5 380/5-12","9561,12",7745,99,60,Россия
"Трансформатор понижающий ОСМ1-2,5 380/5-22-110/12","8691,93",7041,99,76,Россия
"Трансформатор понижающий ОСМ1-2,5 380/5-22-110/24","8691,93",7041,27,32,Россия
"Трансформатор понижающий ОСМ1-2,5 380/5-22-110/42","8691,93",7041,87,11,Россия
"Трансформатор понижающий ОСМ1-2,5 380/5-22-220/110","8691,93",7041,3,10,Россия
"Трансформатор понижающий ОСМ1-2,5 380/5-22-220/12","8691,93",7041,17,68,Россия
"Трансформатор понижающий ОСМ1-2,5 380/5-22-220/24","8691,93",7041,11,79,Россия
"Трансформатор понижающий ОСМ1-2,5 380/5-22-220/36","8691,93",7041,49,59,Россия
"Трансформатор понижающий ОСМ1-2,5 380/5-22-220/42","8691,93",7041,87,32,Россия
"Трансформатор понижающий ОСМ1-2,5 380/5-220","8691,93",7041,97,22,Россия
"Трансформатор понижающий ОСМ1-2,5 380/5-220/24","8691,93",7041,93,66,Россия
"Трансформатор понижающий ОСМ1-2,5 380/5-36","8691,93",7041,44,15,Россия
"Трансформатор понижающий ОСМ1-2,5 660/220","8691,93",7041,58,86,Россия
"Трансформатор понижающий ОСМ1-3,0 220/12","11772,11",9536,27,67,Россия
"Трансформатор понижающий ОСМ1-3,0 220/100","11772,11",9536,26,12,Россия
"Трансформатор понижающий ОСМ1-3,0 220/100/15","11772,11",9536,18,36,Россия
"Трансформатор понижающий ОСМ1-3,0 220/100/60","11772,11",9536,36,37,Россия
"Трансформатор понижающий ОСМ1-3,0 380/110","11772,11",9536,6,30,Россия
"Трансформатор понижающий ОСМ-4,0 220/110","13855,59",11224,14,20,Россия
"Трансформатор понижающий ОСМ1-4,0 220/12","13855,59",11224,59,48,Россия
"Трансформатор понижающий ОСМ-4,0 220/220","13855,59",11224,78,53,Россия
"Трансформатор понижающий ОСМ1-4,0 220/24","13855,59",11224,18,24,Россия
"Трансформатор понижающий ОСМ1-4,0 220/36","13855,59",11224,78,50,Россия
"Трансформатор понижающий ОСМ1-4,0 220/56","13855,59",11224,63,14,Россия
"Трансформатор ОСМ1-4,0 380/12В","13855,59",11224,56,53,Россия
"Трансформатор ОСМ1-4,0 380/220В","13855,59",11224,90,42,Россия
"Трансформатор ОСМ1-4,0 380/220-42/24В","13855,59",11224,17,25,Россия
"Трансформатор ОСМ1-4,0 380/36В","13855,59",11224,96,10,Россия
"Трансформатор ОСМ1-4,0 380/ 5-220","13855,59",11224,86,100,Россия
"Трансформатор разделительный ОСМ1-5,0 220/ 110","15200,99",12313,68,64,Россия
"Трансформатор понижающий ОСМ1-5,0 220/12/24/36","15200,99",12313,20,10,Россия
"Трансформатор разделительный ОСМ1-5,0 220/ 220","15350,01",12434,15,79,Россия
Трансформатор понижающий 230-400/12 63 ВА,"2427,74",1967,57,53,Россия
Трансформатор понижающий 230-400/24-48 63 ВА,"2748,36",2227,62,28,Россия
"Трансформаторы понижающие ОСО, ОСОВ",Стоимость,#ЗНАЧЕН!,82,30,Россия
"Трансформатор понижающий ОСО 0,25 127/12","688,37",558,22,70,Россия
"Трансформатор понижающий ОСО 0,25 127/36","688,37",558,11,20,Россия
"Трансформатор понижающий ОСО 0,25 220/ 12","606,56",492,45,46,Россия
"Трансформатор понижающий ОСО 0,25 220/ 24","606,56",492,1,83,Россия
"Трансформатор понижающий ОСО 0,25 220/ 36","606,56",492,42,95,Россия
"Трансформатор понижающий ОСО 0,25 220/ 42","606,56",492,8,56,Россия
"Трансформатор понижающий ОСО 0,25 220/ 110","606,56",492,70,75,Россия
"Трансформатор понижающий ОСО 0,25 220/ 127","606,56",492,62,45,Россия
"Трансформатор понижающий ОСО 0,25 380/ 12","761,94",618,12,26,Россия
"Трансформатор понижающий ОСО 0,25 380/ 24","761,94",618,71,13,Россия
"Трансформатор понижающий ОСО 0,25 380/ 36","761,94",618,25,21,Россия
"Трансформатор понижающий ОСО 0,25 380/ 42","761,94",618,63,92,Россия
"Трансформатор понижающий ОСО 0,25 380/ 110","761,94",618,67,34,Россия
"Трансформатор понижающий ОСО 0,25 380/ 127","788,91",640,26,99,Россия
"Трансформатор понижающий ОСО 0,25 380/ 220","761,94",618,95,97,Россия
"ОСО-0,4 220/12 ТБСМ-0,4","1372,41",1112,87,22,Россия
"ТБСМ-0,4 ОСО-0,4 220/24","1372,41",1112,64,9,Россия
"ОСО 0,4 220/ 36 ( ТБСМ 0,4 )","1372,41",1112,77,74,Россия
"Трансформатор понижающий ОСО 0,4 380/ 24 ( ТБСМ 0,4 )","1372,41",1112,2,13,Россия
"Трансформатор понижающий ОСО 0,4 380/ 36 ( ТБСМ 0,4 )","1372,41",1112,42,68,Россия
"Трансформатор понижающий ОСО 0,5 127/ 12","3176,60",2574,55,62,Россия
"Трансформатор понижающий ОСО 0,5 220/12","3176,60",2574,11,49,Россия
"Трансформатор понижающий ОСО 0,5 220/ 36","3176,60",2574,43,6,Россия
"Трансформатор понижающий ОСОВ-0,25 127/ 36","3270,05",2649,53,40,Россия
"Трансформатор понижающий ОСОВ 0,25 220/110","3270,05",2649,78,70,Россия
"Трансформатор понижающий ОСОВ-0,25 220/12","3270,05",2649,22,2,Россия
"Трансформатор понижающий ОСОВ-0,25 220/12 В","1935,45",1568,91,18,Россия
"Трансформатор понижающий ОСОВ-0,25 220/127","3270,05",2649,18,43,Россия
"Трансформатор понижающий ОСОВ-0,25 220/24","3270,05",2649,44,12,Россия
"Трансформатор понижающий ОСОВ-0,25 220/36","1935,45",1568,29,75,Россия
"Трансформатор понижающий ОСОВ 0,25 220/36","3270,05",2649,10,20,Россия
"Трансформатор понижающий ОСОВ-0,25 220/ 42","3270,05",2649,36,69,Россия
"Трансформатор понижающий ОСОВ-0,25 380/12","3270,05",2649,100,34,Россия
"Трансформатор понижающий ОСОВ-0,25 380/ 127","3270,05",2649,29,56,Россия
"Трансформатор понижающий ОСОВ-0,25 380/220","3270,05",2649,2,30,Россия
"Трансформатор понижающий ОСОВ-0,25 380/ 24","3270,05",2649,99,45,Россия
"Трансформатор понижающий ОСОВ-0,25 380/ 36","3270,05",2649,70,33,Россия
"Трансформатор понижающий ОСОВ-0,25 380/ 42","3270,05",2649,29,27,Россия
"Трансформатор понижающий ОСОВ-0,25 660/ 36","6156,99",4988,39,97,Россия
"Трансформатор понижающий ОСОВ-0,4 220/ 12","4905,05",3974,28,18,Россия
"Трансформатор понижающий ОСОВ-0,4 380/ 42","4905,05",3974,72,71,Россия
"Трансформатор понижающий ОСОВ-0,5 220/ 24","5484,32",4443,93,53,Россия
"Трансформатор понижающий ОСОВ-0,63 220/110","6156,99",4988,43,37,Россия
"Трансформатор понижающий ОСОВ 0,63 220/12","6156,99",4988,27,2,Россия
"Трансформатор понижающий ОСОВ 0,63 220/13","6156,99",4988,24,56,Россия
"Трансформатор понижающий ОСОВ 0,63 220/ 24","6156,99",4988,72,54,Россия
"Трансформатор понижающий ОСОВ-0,63 220/36","6156,99",4988,95,39,Россия
"Трансформатор понижающий ОСОВ 0,63 220/42","6156,99",4988,95,86,Россия
"Трансформатор понижающий ОСОВ-0,63 380/220","6156,99",4988,30,17,Россия
"Трансформатор понижающий ОСОВ-1,0 220/12","6923,13",5608,53,78,Россия
"Трансформатор понижающий ОСОВ 1,0 220/36","6923,13",5608,25,98,Россия
"Трансформатор понижающий ОСОВ 1,0 380/12","6923,13",5608,50,98,Россия
"Трансформатор понижающий ОСОВ 1,6 220/ 13 ( ОСВМ )","10772,42",8726,71,42,Россия
"Трансформатор понижающий ОСОВ 1,6 220/ 36","10772,42",8726,34,66,Россия
"Трансформатор понижающий ОСОВ 1,6 380/220","10772,42",8726,67,77,Россия
"Трансформаторы понижающие ТБС, ТСВМ (ОСОВ)",Стоимость,#ЗНАЧЕН!,97,92,Россия
Трансформатор понижающий ТБС2-0.063 У3 220/ 5- 24,"573,75",465,40,46,Россия
Трансформатор понижающий ТБС2-0.063 У3 220/ 5- 36,"573,75",465,39,18,Россия
Трансформатор понижающий ТБС2-0.063 У3 220/ 12- 36,"621,18",504,21,25,Россия
Трансформатор понижающий ТБС2-0.063 У3 380/ 5- 110,"573,75",465,16,76,Россия
Трансформатор понижающий ТБС2-0.063 У3 380/ 5- 220,"573,75",465,59,11,Россия
Трансформатор понижающий ТБС2-0.063 У3 380/ 24,"573,75",465,48,14,Россия
Трансформатор понижающий ТБС2-0.063 У3 380/ 5- 36,"621,18",504,37,35,Россия
Трансформатор понижающий ТБС2-0.1 У3 220/ 110/ 12,"665,55",540,60,92,Россия
Трансформатор понижающий ТБС2-0.1 У3 220/ 110/ 36,"665,55",540,60,96,Россия
Трансформатор понижающий ТБС2-0.1 У3 220/ 14,"665,55",540,10,56,Россия
Трансформатор понижающий ТБС2-0.1 У3 220/ 24/ 12,"732,87",594,55,94,Россия
Трансформатор понижающий ТБС2-0.1 У3 220/ 5- 12,"665,55",540,86,63,Россия
Трансформатор понижающий ТБС2-0.1 У3 220/ 5- 24,"665,55",540,25,8,Россия
Трансформатор понижающий ТБС2-0.1 У3 220/ 5- 36,"665,55",540,64,27,Россия
Трансформатор понижающий ТБС2-0.1 У3 220/ 5- 60,"732,87",594,14,95,Россия
Трансформатор понижающий ТБС2-0.1 У3 220/ 5- 110,"665,55",540,17,73,Россия
Трансформатор понижающий ТБС2-0.1 У3 220/ 5- 127,"732,87",594,100,83,Россия
Трансформатор понижающий ТБС2-0.1 У3 220/ 5- 220,"665,55",540,8,88,Россия
Трансформатор понижающий ТБС2-0.1 У3 220/ 60/ 40/ 12,"732,87",594,16,29,Россия
Трансформатор понижающий ТБС2-0.1 У3 380/ 110- 220/ 36,"732,87",594,29,95,Россия
Трансформатор понижающий ТБС2-0.1 У3 380/ 127/ 36,"732,87",594,49,38,Россия
Трансформатор понижающий ТБС2-0.1 У3 380/ 220/ 24,"665,55",540,63,80,Россия
Трансформатор понижающий ТБС2-0.1 У3 380/ 5- 12,"665,55",540,73,27,Россия
Трансформатор понижающий ТБС2-0.1 У3 380/ 5- 22- 110/ 24,"665,55",540,95,81,Россия
Трансформатор понижающий ТБС2-0.1 У3 380/ 5- 29,"665,55",540,30,38,Россия
Трансформатор понижающий ТБС2-0.1 У3 380/ 5- 36,"665,55",540,16,2,Россия
Трансформатор понижающий ТБС2-0.1 У3 380/ 5- 42,"665,55",540,92,54,Россия
Трансформатор понижающий ТБС2-0.1 У3 380/ 5- 56,"665,55",540,19,81,Россия
Трансформатор понижающий ТБС2-0.1 У3 380/ 5- 130,"665,55",540,100,91,Россия
Трансформатор понижающий ТБС2-0.1 У3 380/ 5- 220,"665,55",540,79,80,Россия
Трансформатор понижающий ТБС2-0.1 У3 380/ 56/ 56,"665,55",540,91,73,Россия
Трансформатор понижающий ТБС2-0.16 У3 220/ 5- 22- 110/ 24,"924,12",749,66,56,Россия
Трансформатор понижающий ТБС2-0.16 У3 220/ 24,"924,12",749,98,84,Россия
Трансформатор понижающий ТБС2-0.16 У3 220/ 36,"924,12",749,8,1,Россия
Трансформатор понижающий ТБС2-0.16 У3 220/ 36- 24,"1018,98",826,53,61,Россия
Трансформатор понижающий ТБС2-0.16 У3 220/ 110/ 24,"924,12",749,93,22,Россия
Трансформатор понижающий ТБС2-0.16 У3 380/ 4- 115- 127/ 36,"1018,98",826,51,34,Россия
Трансформатор понижающий ТБС2-0.16 У3 380/ 5- 127,"1018,98",826,36,98,Россия
Трансформатор понижающий ТБС2-0.16 У3 380/ 5- 22- 110/ 24,"924,12",749,17,38,Россия
Трансформатор понижающий ТБС2-0.16 У3 380/ 24,"924,12",749,49,7,Россия
Трансформатор понижающий ТБС2-0.16 У3 380/ 36,"924,12",749,46,6,Россия
Трансформатор понижающий ТБС2-0.16 У3 380/ 110- 60- 55- 36,"1018,98",826,5,10,Россия
Трансформатор понижающий ТБС2-0.16 У3 380/ 110/ 24,"1018,98",826,26,95,Россия
Трансформатор понижающий ТБС2-0.16 У3 380/ 110/ 36/ 24,"1018,98",826,54,90,Россия
Трансформатор понижающий ТБС2-0.16 У3 380/ 127/ 36,"1018,98",826,19,70,Россия
Трансформатор понижающий ТБС2-0.16 У3 380/ 220/ 110,"1018,98",826,69,32,Россия
Трансформатор понижающий ТБС2-0.16 У3 380/ 220/ 127,"1018,98",826,95,99,Россия
Трансформатор понижающий ТБС2-0.16 У3 380/ 5- 22- 110- 127/ 36,"1018,98",826,28,86,Россия
Трансформатор понижающий ТБС2-0.25 У3 220/ 12,"1054,17",854,1,19,Россия
Трансформатор понижающий ТБС2-0.25 У3 220/ 28- 110/ 8/ 24,"1162,80",942,55,89,Россия
Трансформатор понижающий ТБС2-0.25 У3 220/ 36,"1054,17",854,29,90,Россия
Трансформатор понижающий ТБС2-0.25 У3 220/ 5- 127/ 36,"1162,80",942,84,86,Россия
Трансформатор понижающий ТБС2-0.25 У3 220/ 5- 24,"1054,17",854,17,42,Россия
Трансформатор понижающий ТБС2-0.25 У3 380/ 110,"1054,17",854,11,10,Россия
Трансформатор понижающий ТБС2-0.25 У3 380/ 110/ 29/ 24,"1054,17",854,92,56,Россия
Трансформатор понижающий ТБС2-0.25 У3 380/ 110/ 36,"1162,80",942,88,54,Россия
Трансформатор понижающий ТБС2-0.25 У3 380/ 127/ 36,"1162,80",942,99,95,Россия
Трансформатор понижающий ТБС2-0.25 У3 380/ 220/ 36/ 29,"1162,80",942,2,3,Россия
Трансформатор понижающий ТБС2-0.25 У3 380/ 36,"1054,17",854,7,35,Россия
Трансформатор понижающий ТБС2-0.25 У3 380/ 36/ 24,"1162,80",942,5,19,Россия
Трансформатор понижающий ТБС2-0.25 У3 380/ 5- 12,"1054,17",854,71,92,Россия
Трансформатор понижающий ТБС2-0.25 У3 380/ 5- 127/ 36,"1162,80",942,53,60,Россия
Трансформатор понижающий ТБС2-0.25 У3 380/ 5- 29- 110/24,"1162,80",942,34,34,Россия
Трансформатор ТСВМ 1.6 220/ 36 ОМ 5 400Гц,"19963,55",16171,55,74,Россия
Трансформатор понижающий ТСВМ 4.0 ОМ5 380- 220/ 36,"23701,79",19199,11,47,Россия
"Трансформаторы ТСЗИ, ТСЗ, ТСЗМ",Стоимость,#ЗНАЧЕН!,87,48,Россия
"ТСЗИ-1.6 380-220/12 Алюм.,шт","5519,75",4471,36,30,Россия
"ТСЗИ-1.6 380-220/12 Медн.,шт","6780,35",5493,57,25,Россия
"ТСЗИ-1.6 380-220/24 Алюм.,шт","5519,75",4471,56,25,Россия
"ТСЗИ-1.6 380-220/24 Медн.,шт","6780,35",5493,60,27,Россия
"ТСЗИ-1.6 380-220/36 Алюм.,шт","5519,75",4471,81,9,Россия
"ТСЗИ-1.6 380-220/36 Медн.,шт","6780,35",5493,34,85,Россия
"ТСЗИ-1.6 380-220/42 Алюм.,шт","5354,15",4337,44,23,Россия
"ТСЗИ-1.6 380-220/42 Медн.,шт","6780,35",5493,54,79,Россия
"ТСЗИ-2.5 380-220/12 Алюм.,шт","6157,28",4988,92,90,Россия
"ТСЗИ-2.5 380-220/12 Медн.,шт","9161,56",7421,79,58,Россия
"ТСЗИ-2.5 380-220/24 Алюм.,шт","6157,28",4988,59,83,Россия
"ТСЗИ-2.5 380-220/24 Медн.,шт","9161,56",7421,15,56,Россия
"ТСЗИ-2.5 380-220/36 Алюм.,шт","6157,28",4988,43,36,Россия
"ТСЗИ-2.5 380-220/36 Медн.,шт","9161,56",7421,6,91,Россия
"ТСЗИ-2.5 380-220/42 Алюм.,шт","6157,28",4988,32,32,Россия
"ТСЗИ-2.5 380-220/42 Медн.,шт","9161,56",7421,7,30,Россия
"ТСЗИ-4 380-220/12 Алюм.,шт","9012,83",7301,97,8,Россия
"ТСЗИ-4 380-220/12 Медн.,шт","11660,15",9445,53,70,Россия
"ТСЗИ-4 380-220/24 Алюм.,шт","9012,83",7301,36,92,Россия
"ТСЗИ-4 380-220/24 Медн.,шт","11660,15",9445,69,100,Россия
"ТСЗИ-4 380-220/36 Алюм.,шт","9012,83",7301,31,67,Россия
"ТСЗИ-4 380-220/36 Медн.,шт","11660,15",9445,42,75,Россия
"ТСЗИ-4 380-220/42 Алюм.,шт","9012,83",7301,79,73,Россия
"ТСЗИ-4 380-220/42 Медн.,шт","11660,15",9445,8,69,Россия
"ТСЗИ1.6 380-220/220-127 Алюм.,шт","5354,15",4337,57,62,Россия
"ТСЗИ1.6 380-220/220-127 Медн.,шт","6780,35",5493,3,11,Россия
"ТСЗИ2.5 380-220/220-127 Алюм.,шт","6157,28",4988,87,15,Россия
"ТСЗИ2.5 380-220/220-127 Медн.,шт","9161,56",7421,85,44,Россия
"ТСЗИ4 380-220/220-127 Алюм.,шт","9012,83",7301,34,46,Россия
"ТСЗИ4 380-220/220-127 Медн.,шт","11660,15",9445,100,77,Россия
Трансформатор понижающий ТСЗ 10 380/ 220,"50031,48",40526,81,65,Россия
"Трансформатор понижающий ТСЗ-10/0,7 380/42 В","80784,00",65436,38,8,Россия
Трансформатор понижающий ТСЗ-16 380/220 В,"67269,21",54489,90,4,Россия
Трансформатор понижающий ТСЗ-25 380/42 В,"105948,99",85819,76,60,Россия
Трансформатор ТСЗ 1.6 220/ 220,"8363,31",6775,94,82,Россия
Трансформатор ТСЗ 25 380/ 380 звезда-звезда,"105000,00",85050,89,18,Россия
Трансформатор ТСЗ 3 380/ 220,"13266,63",10746,11,46,Россия
Трансформатор ТСЗ 3 380/ 380,"13266,63",10746,75,11,Россия
"Трансформатор трёхфазный ТСЗИ 0,5 Cu 380- 220/ 12 B IP00","4409,88",3573,75,57,Россия
"Трансформатор трёхфазный. ТСЗИ 0,5 Cu 380- 220/ 42- 24 B IP00","4409,88",3573,53,37,Россия
"Трансформатор трёхфазный ТСЗИ 0,5 Cu 380- 220/ 110 B IP00","4409,88",3573,17,73,Россия
"Трансформатор трёхфазный ТСЗИ 0,5 Cu 380- 220/ 220- 127B IP00","4409,88",3573,95,64,Россия
"Трансформатор трёхфазный ТСЗИ 0,5 Cu 380/ 220 B IP00","4409,88",3573,21,47,Россия
"Трансформатор трёхфазный ТСЗИ 0,5 Сu 380- 220/ 36 B IP00","4409,88",3573,49,6,Россия
"Трансформатор трёхфазный ТСЗИ 1,0 Cu 380- 220/ 36 B IP00","8726,31",7069,78,83,Россия
"Трансформатор трёхфазный ТСЗИ 1,0 Cu 380- 220/ 42- 24 B IP00","8726,31",7069,63,64,Россия
"Трансформатор трёхфазный ТСЗИ 1,0 Cu 380- 220/ 220- 127 B IP00","8726,31",7069,6,54,Россия
"Трансформатор трёхфазный ТСЗИ 1,0 Cu 380/ 19 B IP00","8726,31",7069,24,14,Россия
"Трансформатор трёхфазный ТСЗИ 1,0 Cu 380/ 20 B IP00","8726,31",7069,7,58,Россия
"Трансформатор трёхфазный ТСЗИ 1,0 Cu 380/ 36 B IP00 без корпуса","8726,31",7069,62,32,Россия
"Трансформатор трёхфазный ТСЗИ 1,0 Cu 380/ 42 B IP00 без корпуса","8726,31",7069,79,90,Россия
"Трансформатор трёхфазный ТСЗИ 1,0 Cu 380/ 110 B IP00 без корпуса","8726,31",7069,96,44,Россия
"Трансформатор трёхфазный ТСЗИ 1,0 Cu 660/ 380 B IP00 без корпуса","8726,31",7069,98,94,Россия
"Трансформатор трёхфазный ТСЗИ 1,6 Al 380- 220/ 12 B","6439,71",5217,91,1,Россия
"Трансформатор трёхфазный ТСЗИ 1,6 Al 380- 220/ 19 B","6615,33",5359,99,55,Россия
"Трансформатор трёхфазный ТСЗИ 1,6 Al 380- 220/ 36 B","6439,71",5217,3,92,Россия
"Трансформатор трёхфазный ТСЗИ 1,6 Al 380- 220/ 42- 24 B","6439,71",5217,43,8,Россия
"Трансформатор трёхфазный ТСЗИ 1,6 Al 380- 220/ 220- 127 B","6439,71",5217,88,89,Россия
"Трансформатор трёхфазный ТСЗИ 1,6 Al 380/ 36 B","6289,71",5095,76,21,Россия
"Трансформатор трёхфазный ТСЗИ 1,6 Cu 380- 220/ 12 B","8279,63",6707,45,38,Россия
"Трансформатор трёхфазный ТСЗИ 1,6 Cu 380- 220/ 36 B","8279,63",6707,54,39,Россия
"Трансформатор трёхфазный ТСЗИ 1,6 Cu 380- 220/ 42- 24 B","8279,63",6707,87,95,Россия
"Трансформатор трёхфазный ТСЗИ 1,6 Cu 380- 220/ 110- 36 B","8505,42",6890,58,93,Россия
"Трансформатор трёхфазный ТСЗИ 1,6 Cu 380- 220/ 220- 127 B","8505,42",6890,98,50,Россия
"Трансформатор трёхфазный ТСЗИ 1,6 Cu 380/ 36 B","7911,63",6409,44,42,Россия
"Трансформатор трёхфазный ТСЗИ 1,6 Cu 380/ 42- 24 B","8199,33",6642,21,98,Россия
"Трансформатор разделительный ТСЗИР 1,6 Cu 380/ 220 B","8760,59",7097,66,61,Россия
"Трансформатор трёхфазный ТСЗИ 1,6 Cu 380/ 220- 110 B звезда-звезда","8760,59",7097,82,27,Россия
"Трансформатор трёхфазный ТСЗИ 2,5 Al 380- 220/ 12 B","7359,66",5962,100,58,Россия
"Трансформатор трёхфазный ТСЗИ 2,5 Al 380- 220/ 36 B","7359,66",5962,64,57,Россия
"Трансформатор трёхфазный ТСЗИ 2,5 Al 380- 220/ 42- 24 B","7359,66",5962,24,5,Россия
"Трансформатор трёхфазный ТСЗИ 2,5 Al 380- 220/ 110 B","7559,70",6124,64,39,Россия
"Трансформатор трёхфазный ТСЗИ 2,5 Al 380- 220/ 220- 127 B","7359,66",5962,41,42,Россия
"Трансформатор трёхфазный ТСЗИ 2,5 Al 380/ 36 B","6991,68",5664,46,50,Россия
"Трансформатор трёхфазный ТСЗИ 2,5 Al 380/ 220- 127 B","7359,66",5962,35,16,Россия
"Трансформатор трёхфазный ТСЗИ 2,5 Cu 380- 220/ 12 B","11214,72",9084,84,40,Россия
"Трансформатор трёхфазный ТСЗИ 2,5 Cu 380- 220/ 26/ 26/ 26 B","11520,57",9332,84,71,Россия
"Трансформатор трёхфазный ТСЗИ 2,5 Cu 380- 220/ 36 B","11214,72",9084,20,4,Россия
"Трансформатор трёхфазный ТСЗИ 2,5 Cu 380- 220/ 42- 24 B","11214,72",9084,42,99,Россия
"Трансформатор трёхфазный ТСЗИ 2,5 Cu 380- 220/ 42- 36 B","11520,57",9332,21,70,Россия
"Трансформатор трёхфазный ТСЗИ 2,5 Cu 380- 220/ 110 B","11520,57",9332,21,27,Россия
"Трансформатор трёхфазный ТСЗИ 2,5 Cu 380- 220/ 220 B","11866,20",9612,100,41,Россия
"Трансформатор трёхфазный ТСЗИ 2,5 Cu 380- 220/ 220- 12 B","11520,57",9332,60,33,Россия
"Трансформатор трёхфазный ТСЗИ 2,5 Cu 380- 220/ 220- 127 B","11214,72",9084,55,3,Россия
"Трансформатор трёхфазный ТСЗИ 4,0 Al 380- 220/ 36 B","10855,50",8793,31,26,Россия
"Трансформатор трёхфазный ТСЗИ 4,0 Al 380- 220/ 42- 24 B","10855,50",8793,67,51,Россия
"Трансформатор трёхфазный ТСЗИ 4,0 Al 380- 220/ 220- 12 B","11151,56",9033,66,100,Россия
"Трансформатор трёхфазный ТСЗИ 4,0 Al 380- 220/ 220- 127 B","10855,50",8793,1,94,Россия
"Трансформатор трёхфазный ТСЗИ 4,0 Al 380/ 36 B","10215,92",8275,100,69,Россия
"Трансформатор трёхфазный ТСЗИ 4,0 Al 380/ 42- 24 B","10587,39",8576,2,89,Россия
"Трансформатор трёхфазный ТСЗИ 4,0 Al 380/ 220 B","10855,50",8793,26,36,Россия
"Трансформатор трёхфазный ТСЗИ 4,0 Cu 380- 220/ 12 B","14254,97",11547,61,44,Россия
"Трансформатор трёхфазный ТСЗИ 4,0 Cu 380- 220/ 36 B","14254,97",11547,97,55,Россия
"Трансформатор трёхфазный ТСЗИ 4,0 Cu 380- 220/ 110 B","14643,74",11862,44,74,Россия
"Трансформатор трёхфазный ТСЗИ 4,0 Cu 380- 220/ 220- 127 B","14254,97",11547,90,90,Россия
"Трансформатор трёхфазный ТСЗИ 4,0 Cu 380- 220/ 380 B","14643,74",11862,33,55,Россия
"Трансформатор трёхфазный ТСЗИ 4,0 Cu 380- 220/ 380- 220 B","14643,74",11862,66,4,Россия
"Трансформатор трёхфазный ТСЗИ 4,0 Cu 380- 220/ 42- 24 B","14254,97",11547,26,6,Россия
"Трансформатор разделительный ТСЗИ 4,0 Cu 380/ 220 B разделительный","15083,04",12218,46,88,Россия
"Трансформатор трёхфазный ТСЗИ 4,0 Cu 380/ 380 B звезда-звезда","15083,04",12218,53,3,Россия
"Трансформатор трёхфазный ТСЗИ 4,5 Cu 380- 220/ 36 B","21547,08",17454,76,64,Россия
"Трансформатор трёхфазный ТСЗИ 4,5 Cu 380- 220/ 220- 127 B","22193,49",17977,83,65,Россия
"Трансформатор трехфазный ТСЗИ 5,0 Cu 380- 220/ 12 B","23626,19",19138,50,33,Россия
"Трансформатор трёхфазныйй ТСЗИ 5,0 Cu 380- 220/ 24 B","23626,19",19138,34,14,Россия
"Трансформатор трёхфазный ТСЗИ 5,0 Cu 380- 220/ 36 B","23626,19",19138,78,68,Россия
"Трансформатор трехфазный ТСЗИ 5,0 Cu 380- 220/ 42 B","23626,19",19138,65,13,Россия
"Трансформатор трёхфазный ТСЗИ 5,0 Cu 380- 220/ 56 B","23626,19",19138,82,47,Россия
"Трансформатор трёхфазный ТСЗИ 5,0 Cu 380- 220/ 110- 60 B","24334,97",19712,92,10,Россия
"Трансформатор трёхфазный ТСЗИ 5,0 Cu 380- 220/ 220- 127 B","24334,97",19712,63,88,Россия
"Трансформатор трёхфазный ТСЗИ 6,3 Cu 380- 220/ 24 B","29464,92",23867,52,57,Россия
"Трансформатор трёхфазный ТСЗИ 6,3 Cu 380- 220/ 36 B","28431,08",23030,89,29,Россия
"Трансформатор трёхфазный ТСЗИ 6,3 Cu 380- 220/ 42 B","29464,92",23867,85,46,Россия
"Трансформатор трёхфазный ТСЗИ 6,3 Cu 380- 220/ 220- 110 B","29464,92",23867,54,7,Россия
"Трансформатор трёхфазный ТСЗИ 6,3 Cu 380- 220/ 220- 127 B","29464,92",23867,30,12,Россия
"Трансформатор трёхфазный ТСЗИ 7,0 Cu 380- 220/ 42 B","33941,42",27493,88,75,Россия
"Трансформатор трёхфазный ТСЗИ 10,0 Cu 220/ 220","50082,68",40567,29,98,Россия
"Трансформатор трёхфазный ТСЗИ 10,0 Cu 380- 220/ 36 B","49050,47",39731,87,84,Россия
"Трансформатор трёхфазный ТСЗИ 10,0 Cu 380- 220/ 42 B","48623,94",39386,65,15,Россия
"Трансформатор трёхфазный ТСЗИ 10,0 Cu 380- 220/ 220/ 220/ 220 B","48623,94",39386,63,62,Россия
"Трансформатор разделительный ТСЗИР 10,0 Cu 380/ 220 B","54741,05",44341,59,39,Россия
Трансформатор трёхфазный ТСЗИР 16 Cu 380/ 380 B,"65376,72",52956,63,34,Россия
Трансформатор трёхфазный ТСЗИ 20 Cu 380/ 36 B,"106987,71",86661,35,49,Россия
Трансформатор трёхфазный ТСЗИ 25 Cu 380/ 36 B,"102065,10",82673,68,67,Россия
Трансформатор трёхфазный ТСЗИ 40 Cu 380/ 36 В,"176966,37",143343,77,19,Россия
Трансформатор трёхфазный ТСЗИ 63 Cu 380/ 400 B,"263322,90",213292,38,7,Россия
Трансформатор понижающий ТСЗ 10 380/ 220,"50031,48",40526,47,35,Россия
"Трансформатор понижающий ТСЗ-10/0,7 380/42 В","80784,00",65436,28,67,Россия
Трансформатор понижающий ТСЗ-16 380/220 В,"67269,21",54489,16,73,Россия
Трансформатор понижающий ТСЗ-25 380/42 В,"105948,99",85819,44,69,Россия
